id,english_common_name,flower_count,flower_ids,botanical_names,mothers_names
001,African daisy,1,423,Gerbera jamesonii H. Bolus ex Hook. f.,Frankness
002,African iris,1,514,Dietes iridioides (L.) Klatt. [D. vegeta Auct.],Aristocracy of beauty
003,African marigold,2,398; 402,Tagetes erecta L.,Mental plasticity; Supramentalised plasticity
004,African violet,1,738,Saintpaulia ionantha H. Wendl.,Correct movement
005,Air plant,1,861,Kalanchoe pinnata (Lam.) Pers.,Light in fairyland
006,Alexandrian laurel,1,805,Calophyllum inophyllum L.,Peace in the physical
007,Alpine violet,1,858,Cyclamen purpurascens Mill.,Scented marvel
008,Amaryllis,9,483; 484; 485; 486; 487; 488; 489; 490; 491,Hippeastrum Herb. spp.,Conversion; Conversion of the mind; Conversion of the physical mind; Conversion of the emotional being; Conversion of the vital; Conversion of the physical; Integral conversion; Integral conversion with the help of the psychic; Total conversion
009,Angel's trumpet,1,195,Brugmansia suaveolens (Humb. & Bonpl. ex Wild) Bercht. & Presl.,Perfect tapasya
010,Annatto,1,047,Bixa orellana L.,New world
011,Annual phlox,2,259; 263,Phlox drummondii Hook.,Physical skill in work; Radiating skill in work
012,Arabian jasmine,1,080,Canna indica L.,Supramental friendship with the divine
013,Areca nut palm,1,785,Areca catechu L.,Steadfast-vitality
014,Asoka,1,333,Saraca indica L.,Without grief
015,Aubergine,1,409,Solanum melongena L.,Fearlessness in the vital
016,Australian bottle plant,1,835,Jatropha podagarica Hook.,First response of the subconscient to the supramental action
017,Australian chestnut,1,690,Castanospermum australe A. Cunn. & C. Fraser.,Mind of light acting in matter
018,Australian gum,1,203,Eucalyptus L'Herit. spp.,Abolition of the ego
019,Awl tree,1,817,Morinda citrifolia L. non Bedd.,Peace in the sex centre
020,Azalea,1,513,Rhododendron L. spp.,Abundance of beauty
021,Aztec marigold,2,398; 402,Tagetes erecta L.,Mental plasticity; Supramentalised plasticity
022,Baby orchid,1,068,Epidendrum XObrienianum Rolfe.,Attachment of the cells to the divine
023,Baby's breath,1,519,Gypsophila elegans Bieb.,Modesty of beauty
024,Bachelor's button,4,505; 507; 508; 509,Gomphrena globosa L.,Immortality; Conscious vital immortality; Integral immortality; Supramental immortality
025,Barbados lily,9,483; 484; 485; 486; 487; 488; 489; 490; 491,Hippeastrum Herb. spp.,Conversion; Conversion of the mind; Conversion of the physical mind; Conversion of the emotional being; Conversion of the vital; Conversion of the physical; Integral conversion; Integral conversion with the help of the psychic; Total conversion
026,Barbados pride,1,716,Caesalpinia pulcherrima (L.) Sw.,Fire in the mind
027,Barberton daisy,1,423,Gerbera jamesonii H. Bolus ex Hook. f.,Frankness
028,Beauty of the night,3,018; 019; 021,Mirabilis jalapa L.,Solace; Solace in the mind; Integral solace
029,Begonia,8,341; 342; 343; 344; 345; 346; 347; 348,Begonia L. spp.,Balance; Perfect balance; Psychic balance; Perfect psychic balance; Mental balance; Perfect mental balance; Integral balance; Perfect integral balance
030,Bejuco de ajo,1,771,Mansoa alliacea (Lam.) A. Gentry. [Pseudocalymna alliaceum (Lam.) Sandw.],Collective emotions open to the divine
031,Betel palm,1,785,Areca catechu L.,Steadfast-vitality
032,Betel-nut-palm,1,785,Areca catechu L.,Steadfast-vitality
033,Big marigold,1,402,Tagetes erecta L.,Supramentalised plasticity
034,Bird of paradise,1,643,Strelitzia reginae Banks ex Dryand.,Supramental bird
035,Bird's-eye bush,1,796,Ochna kirkii Oliv.,Greed for money
036,Bitterwood,1,875,Quassia amara L.,Splendour and opulence in material life
037,Black bean,1,690,Castanospermum australe A. Cunn. & C. Fraser.,Mind of light acting in matter
038,Black wattle,1,247,Acacia auriculiformis Cunn. ex Benth.,Work
039,Black-eyed Susan vine,1,477,Thunbergia alata Bojer.,Obscurity offers itself to be transformed
040,Blade apple,1,424,Pereskia Mill. sp.,Never tell a lie
041,Blanket flower,1,052,Gaillardia pulchella Foug. cv. Lorenziana,Successful future under the supramental influence
042,Bleeding heart,1,163,Dicentra spectabilis (L.) Lem.,Emotional remembrance
043,Blood flower,2,687; 688,Asclepias curassavica L.,Response of the mind to the supramental light; Response of the physical mind to the supramental light
044,Blood lily,1,637,Scadoxus multiflorus (Martyn) Raf. [Haemanthns multiflorus Martyn.],Supramental manifestation
045,Blue pea,1,889,Clitoria ternatea L.,Krishna's light in the senses
046,Blue potato bush,1,158,Lycianthes rantonnei Carr. [Solanum rantonnetii Carr. ex Lescuy.],Remembrance
047,Blue sage,1,679,Eranthemum pulchellum Andr.,Aspiration for silence in the physical
048,Blue snakeweed,1,755,Stachytarpheta jamaicensis (L.) Vahl.,Spiritual ascension of the vital
049,Bluewings,1,895,Torenia fournieri Lind. ex E. Fourn.,Krishna's play
050,Boat lily,1,004,Tradescantia spathacea Sw. \Rhoeo spathacea (Swartz) Steam.],Divine presence
051,Bottlebrush,1,850,Callistemon R. Br. spp.,Joy of vegetal nature in answer to the new light
052,Bottlebrush bush,1,850,Callistemon R. Br. spp.,Joy of vegetal nature in answer to the new light
053,Bougainvillea,11,024; 025; 026; 027; 028; 029; 030; 031; 032; 033; 034,Bougainvillea Comm. ex Juss.; Bougainvillea Comm. ex Juss. 'Mahara'; Bougainvillea Comm. ex Juss. 'Trinidad'; Bougainvillea Comm. ex Juss. 'Formosa'; Bougainvillea Comm. ex Juss. 'Blondie'; Bougainvillea Comm. ex Juss. 'Mary Palmer',Protection; Attempt at protection; Discreet protection; Psychic protection; Emotional protection; Vital protection; Physical protection; Triple protection; Integral protection; Manifold protection; Protection of the gods
054,Bouncing Bet,1,143,Saponaria officinalis L.,Right use of the granted grace
055,Bower plant,1,768,Pandorea jasminoides (Lindl.) Schum.,Opening of the emotional centre to the light
056,Bowstring hemp,3,404; 655; 656,Calotropis gigantea (L.) Ait. f.; Sansevieria Thunb. spp.,Integral courage; Power of spirituality; Joy of spirituality
057,Brazilian gloxinia,1,186,Sinningia speciosa (Lodd.) Hiern.,Broadening of the being
058,Bridal bouquet,1,880,Parana paniculata Roxb.,Ether
059,Bridal creeper,1,883,Parana volubilis Burm. f.,Water
060,Brinjal,1,409,Solanum melongena L.,Fearlessness in the vital
061,Brisbane lily,1,877,Proiphys amboinensis (L.) Herb. [Eurycles sylvestris Salisb. ex Schult. & Schult. f.],Silver
062,Broad path,1,510,Alternanthera Forsk. spp.,Integral immortality
063,Burning bush,1,776,Combretum fructicosa (Loefl.) Stuwz.,Organisation of action in life
064,Bush violet,1,735,Browallia L. sp.,Consent of the vital
065,Butterfly bush,2,531; 830,Buddleja davidii Franch.; Clerodendrum ugandense Pram.,Refinement; Repose
066,Butterfly orchid,1,068,Epidendrum XObrienianum Rolfe.,Attachment of the cells to the divine
067,Butterfly tree,1,743,Bauhinia purpurea L. not hort.,Stability in the higher vital
068,Cactus,1,561,Cactus Juss. spp.,Riches
069,Calabur,1,857,Muntingia calabura L.,Primitive succulence
070,Calico flower,1,460,Aristolochia littoralis L. Parodi. [A. elegans M.T. Mast.],Inspiration
071,Caltrop,1,866,Tribulus terrestris L.,First mental awakening in Matter
072,Campeachy,1,863,Haematoxylum campechianum L.,Fairy freshness
073,Candytuft,1,318,Iberis L. spp.,Equanimity
074,Canna lily,8,622; 623; 624; 626; 628; 629; 630; 631,Canna Xgeneralis L.H. Bail.,Physical centre; Connection between the supermind and the physical; Connection between the light and the physical; Vital centre; Psychic centre; Illumined mind centre; Intuitive mind centre; Future supramental centre
075,Cannonball tree,1,559,Couroupita guianensis Aubl.,Unselfish prosperity
076,Canterbury bells,2,332; 769,Campanula medium L.; Gloxinia perennis (L.) Druce.,Joy's call; Broadening of the emotional centre
077,Cape leadwort,2,005; 898,Plumbago auriculata Lam. Alba'; Plumbago auriculata Lam.,Presence; Krishna's ananda
078,Caper tree,1,684,Crataeva adansonii DC. ssp. odora [C. nurvala Ham.; C. religiosa Auct. non Forst.],Work of the enlightened mind
079,Capsicum,1,797,Capsicum annuum L. var. annuum,A whipping
080,Carambola tree,1,272,Averrhoa carambola L.,Organised team-work
081,Caricature plant,1,788,Graptophyllum pictum (L.) Griff.,Vital impulses
082,Carnation,1,276,Dianthus caryophyllus L.,Collaboration
083,Cat's claw,1,633,Macfadyena unguis-cati (L.) A. Gentry.,Supramental influence
084,Cat's whiskers,2,650; 651,Orthosiphon stamineus Benth.,Aspiration for spiritual intensity; Spiritual intensity
085,Catechu,1,785,Areca catechu L.,Steadfast-vitality
086,Cattleya orchid,1,072,Asystasia dalzelliana Sant. [A. violacea Dalzel. ex C.B. Clarke.],Aspiration for trust in the divine
087,Cayenne jasmine,2,283; 289,Catharanthus roseus (L.) G. Don. [Vincarosea L]; Catharanthus roseus (L.) G. Don. 'Albus' [Vinca rosea L.],Progress; Integral progress
088,Cayenne pepper,1,797,Capsicum annuum L. var. annuum,A whipping
089,Chaff-flower,1,510,Alternanthera Forsk. spp.,Integral immortality
090,Chalice vine,1,421,Solandra maxima (Sesse & Moc.) P. Green.,Absolute truthfulness
091,Champaca,1,013,Michelia alba DeCondolle.,Divine smile
092,Chenille plant,1,224,Acalypha hispida Burm. f.,Physical continuity
093,Cherry-pie,1,733,Heliotropium arborescens L.,Vital consecration
094,Chili pepper,1,797,Capsicum annuum L. var. annuum,A whipping
095,China aster,5,293; 295; 297; 298; 300,Callistephus chinensis (L.) Nees.,Transparency; Supramentalised psychic activity; Vital transparency; Supramentalised vital transparency; Integral transparency
096,Chinese forget-me-not 'my sky blue five-lobed salverform flowers in terminal cymes,1,164,Cynoglossum amabile Stapf. &J.R. Drumm.,Subconscient remembrance
097,Chinese hibiscus,32,569; 575; 576; 577; 578; 586; 587; 588; 589; 592; 593; 596; 599; 600; 601; 602; 604; 605; 606; 607; 608; 609; 610; 611; 612; 613; 614; 615; 616; 617; 618; 620,Hibiscus rosa-sinensis L. 'Daffodil'; Hibiscus rosa-sinensis L.; Hibiscus rosa-sinensis L. 'Grace Goo'; Hibiscus rosa-sinensis L. 'Splash'; Hibiscus rosa-sinensis L. Alipore Beauty'; Hibiscus rosa-sinensis L. 'Waimaea'; Hibiscus rosa-sinensis L. 'Dream'; Hibiscus rosa-sinensis L. 'Sebactini'; Hibiscus rosa-sinensis L. 'Sweetheart'; Hibiscus rosa-sinensis L. 'White Pink Centre',Supramental consciousness; Beauty of tomorrow; Beauty of tomorrow manifesting the divine; Power of spiritual beauty; Victorious beauty; Concentration of the new creation (concentration of auroville); Progress of the new creation (progress of auroville); Manifold power of the new creation (manifold power of auroville); Firmness of the new creation; Power of consciousness; Consciousness one with the divine consciousness; Faith; Power of the psychic consciousness; Psychic power in existence; Mentalised power; Power in the converted mind; Ananda in the physical; Sweetness of power surrendered to the divine (sweetness of auroville); Light of purified power; Power of integral purity; Power of harmony; Aesthetic power; Dynamic power; Controlled power; Power of action; Power of effort (effort of auroville); Power of perseverance (continued perseverance and action); Power of progress; Power to progress; Power of success (success of auroville); Power of realisation; Power in the service of the future
098,Chinese lantern,2,036; 037,Abutilon Xhybridum hort.; Abutilon indicum (L.) Sweet.,Promise; Mental promise
099,Chinese lavender,1,281,Crossostephium artemisioides Less.,Thirst to understand
100,Chinese parsley,1,534,Coriandrum sativum L.,Delicacy
101,Chinese rice flower,1,705,Aglaia odorata Lour.,Mental suggestions of organisation
102,Chinese spinach,1,406,Amaranthus tricolor L. 'Molten Fire',Bravery
103,Chinese wisteria,1,529,Wisteria sinensis (Sims) Sweet.,Poetic ecstasy
104,Chinese-lantern,1,859,Physalis alkekengi L.,Sun-drop
105,Christ thorn,1,190,Euphorbia milii Desmoul.,Concentration
106,Christ vine,1,880,Parana paniculata Roxb.,Ether
107,Christmas candle,1,715,Senna alata (L.) Roxb. [Cassia alata L.j,Idea
108,Chrysanthemum,1,394,Chrysanthemum L. spp.,Specialised detailed energy
109,Climbing ilang-ilang,1,673,Anabotrys hexapetalus (L. f.) Bhand. [A odoratissimus R. Br.],Reason
110,Clove pink,1,276,Dianthus caryophyllus L.,Collaboration
111,Clover,1,845,Trifolium L. spp.,Kindness of nature
112,Coconut,1,855,Cocos nucifera L.,Multitude
113,Coffee,1,111,Coffea. L.,Perfect path
114,Coleus,1,754,Solenostemon scutellarioides (L.) Codd. [Coleus Xhybridus Voss.],Spiritual awakening of the vital
115,Common allamanda,1,496,Allamanda cathartics. L.,Victory
116,Common basil,1,208,Ocimum basilicum L.,Discipline
117,Common brier,1,106,Rosa caniya L.,Psychic soaring of nature
118,Common broom,1,713,Cytisus scoparius (L.) Link.,Inventions
119,Common camellia,1,512,Camellia japonica L.,Static beauty
120,Common cockscomb,2,411; 415,Celosia argentea var. cristata (L.) Kuntze. Childsii Group,Boldness; Physical boldness
121,Common cockscomb Dark red floral heads,1,414,Celosia argentea var. cristata (L.) Kuntze. Childsii Group,Vital boldness
122,Common cockscomb Green floral heads,1,412,Celosia argentea var. cristata (L.) Kuntze. Childsii Group,Spontaneous boldness
123,Common cockscomb Yellow floral heads,1,413,Celosia argentea var. cristata (L.) Kuntze. Childsii Group,Mental boldness
124,Common foxglove,1,214,Digitalis L.,Regularity
125,Common garden verbena,3,215; 217; 220,Verbena Xhybrida Groenl. & Ruempl.,Thoroughness; Vital thoroughness; Artistic thoroughness
126,Common grape vine,1,006,Vitis vinifera L.,Divine ananda
127,Common hyacinth,1,518,Hyacinthus orientalis L.,Pride of beauty
128,Common laburnum,1,046,Laburnum anagyroides Medic.,Descent of the light
129,Common red ixora,1,129,Ixora javanica (Blume) DC. [I. singaporensis hort.],Aspiration in the physical for the supramental light
130,Common zinnia,5,228; 230; 233; 234; 238,Zinnia elegans Jacq.,Victorious endurance; Joyful endurance; Psychic endurance; Mental endurance; Integral endurance
131,Confederate rose mallow,2,566; 579,Hibiscus mutabilis L.,Divine grace; Victorious love
132,Copperleaf,3,222; 223; 225,Acalypha wilkesiana Muell. Arg. 'Godseffiana'; Acalypha wilkesiana Muell. Arg.; Acalypha godseffiana hort. Sander ex Mast.,Attempt towards continuity; Vital continuity; Material continuity
133,Coral plant,1,867,Jatropha multifida L.,First appearance of the psychic in matter
134,Coriander,1,534,Coriandrum sativum L.,Delicacy
135,Cotton,1,876,Gossypium L. spp.,Material abundance
136,Cotton rose,2,566; 579,Hibiscus mutabilis L.,Divine grace; Victorious love
137,Country gooseberry,1,201,Atalantia monophylla Correa.,Absence of desire
138,Cowslip creeper,1,786,Pergularia odoratissima Sm.,Vital plenitude
139,Crane flower,1,643,Strelitzia reginae Banks ex Dryand.,Supramental bird
140,Crape gardenia,3,698; 699; 700,Tabernaemontana divaricata (L.) R. Br. ex Roem. & Schult.; Tabernaemontana divaricata (L.) R. Br. ex Roem. & Schult. 'Flore-pleno',Mental purity; Integral mental purity; Perfect mental purity
141,Crape jasmine,3,698; 699; 700,Tabernaemontana divaricata (L.) R. Br. ex Roem. & Schult.; Tabernaemontana divaricata (L.) R. Br. ex Roem. & Schult. 'Flore-pleno',Mental purity; Integral mental purity; Perfect mental purity
142,Crape myrtle,1,083,Lagerstroemia indica L.,Intimacy with the divine in the vital
143,Creeping daisy,2,243; 313,Wedelia Jacq. spp.; Vittadinia cuneata DC. [V. australis hort.],Detailed perseverance; Integral simplicity
144,Crinum lily,2,250; 320,Crinum L.; Crinum L. sp.,Disinterested work done for the divine; Joy of integral peace
145,Croton,1,783,Codiaeum variegatum (L.) Bl. var. pictum (Lodd.) Muell. Arg.,Power to reject adverse suggestions
146,Crown beauty,1,479,Hymenocallis Salisb. spp.,Alchemy
147,Crown of thorns,1,190,Euphorbia milii Desmoul.,Concentration
148,Cup and saucer,1,332,Campanula medium L.,Joy's call
149,Cup and saucer plant,1,710,Holmskioldia sanguinea Retz.,Physical curiosity
150,Curtain creeper,1,123,Vernonia. eleagnaefolia DC.,Aspiration for the divine consciousness
151,Daffodil,1,516,Narcissus L. spp.,Power of beauty
152,Dahlberg daisy,1,692,Thymophylla tenuiloba (DC.) Small. [Dysodia tenuiloba (DC.) B.L. Robinson.],Mental simplicity
153,Dahlia,11,053; 541; 543; 544; 545; 546; 547; 791; 792; 793; 794,Dahlia Cav.; Dahlia Cav. spp.'; Dahlia Cav. spp.,Superhumanity; Aristocracy; Dignity; Psychic dignity; Supramentalised mental dignity; Dignity of the emotions; Dignity in the physical; Pride; Mental pride; Vital pride; Vanity
154,Dendrobium orchid,1,070,Hedera L. spp.,Lasting attachment
155,Devil's weed,1,866,Tribulus terrestris L.,First mental awakening in Matter
156,Dhak,1,636,Butea monosperma (Lam.) Taub. [B. frondosaRoxb. ex Willd.],Beginning of the supramental realisation
157,Divi-divi,1,452,Caesalpinia coriaria (Jacq.) Willd.,Intuitive knowledge
158,Dog brier,1,106,Rosa caniya L.,Psychic soaring of nature
159,Dog rose,1,106,Rosa caniya L.,Psychic soaring of nature
160,Dropseed,1,315,Agrostis nebulosa Boiss. & Reut. [Sporobolus capillaris Arn.],Humility
161,Drummond phlox,2,259; 263,Phlox drummondii Hook.,Physical skill in work; Radiating skill in work
162,Dutch hyacinth,1,518,Hyacinthus orientalis L.,Pride of beauty
163,Dutchman's pipe,1,461,Aristolochia ringens Vahl. non Link & Otto.,Lasting inspiration
164,East Indian lotus,2,001; 002,Nelumbo nucifera Gaertn. 'Alba'; Nelumbo nucifera Gaertn.,Aditi - the divine consciousness; Avatar - the supreme manifest on earth in a body
165,East Indian rosebay,3,698; 699; 700,Tabernaemontana divaricata (L.) R. Br. ex Roem. & Schult.; Tabernaemontana divaricata (L.) R. Br. ex Roem. & Schult. 'Flore-pleno',Mental purity; Integral mental purity; Perfect mental purity
166,Easter lily vine,1,202,Beaumontia jerdoniana Wight.,Unselfishness
167,Edelweiss,1,653,Leontopodium alpinum Cass.,Spiritual beauty
168,Egg-plant,1,409,Solanum melongena L.,Fearlessness in the vital
169,Egyptian rose,1,023,Scabiosa atropurpurea L.,Blessings on the material world
170,Egyptian star-cluster,4,472; 473; 474; 475,Pentas lanceolata (Forssk.) Deflers.; Pentas lanceolata forssk.) Deflers.; Pentas lanceolata (forssk.) Deflers.,Movements in the light; Light in the vital movements; Psychic light in the physical movements; Psychic light in the material movements
171,Elder,1,538,Sambucus L.,Charm
172,Elderberry,1,538,Sambucus L.,Charm
173,Emerald fern,1,425,Asparagus densiflorus (Kunth.) Jessop. 'Sprengeri',Spiritual speech
174,Empress candle plant,1,715,Senna alata (L.) Roxb. [Cassia alata L.j,Idea
175,English wallflower,1,331,Erysimum cheiri (L.) [Cheiranthus cheiri L.],Optimism
176,Eucalyptus,1,203,Eucalyptus L'Herit. spp.,Abolition of the ego
177,European grape,1,006,Vitis vinifera L.,Divine ananda
178,Fairy lily,1,131,Zephyranthes Herb.,Psychic prayer
179,Fairy rose,1,097,Rosa chinensis Jacq. 'Minima,Detailed surrender
180,False bird of paradise,1,864,Heliconia L. sp.,Bird of paradise
181,False jalap,4,018; 019; 020; 021,Mirabilis jalapa L.,Solace; Solace in the mind; Solace in the vital; Integral solace
182,Fameflower,1,789,Talinum paniculatum (Jacq.) Gaertn.,Vital fantasy
183,Farewell to spring,1,161,Clarkia unguiculata Lindl. 'Rosea plena,Glad remembrance
184,Feathered amaranth,7,434; 435; 501; 502; 503; 504; 753,Celosia argentea L. Plumosa Group; Celosia argentea var. cristata (L.) Kuntze Plumosa Group,Abundant expression; Joyful expression; Attempt-towards immortality; Aspiration for immortality; Vital aspiration for immortality; Physical aspiration for immortality; Spiritual aspiration in the vital
185,Fiddle-wood,1,648,Citharexylum L. spp.,Spiritual ascension
186,Finger-grass,1,113,Chloris barbata Sw.,Repentance
187,Fire-dragon,2,222; 223,Acalypha wilkesiana Muell. Arg. 'Godseffiana'; Acalypha wilkesiana Muell. Arg.,Attempt towards continuity; Vital continuity
188,Fire-dragon Long thin hard erect dull red catkins,1,225,Acalypha godseffiana hort. Sander ex Mast.,Material continuity
189,Firecracker flower,1,837,Crossandra infundibuliformis (L.) Nees.,Supramental light in the subconscient
190,Flag,1,515,Iris L.,Aristocracy of beauty
191,Flamboyant,1,494,Delonix regia (Bojer) Raf.,Realisation
192,Flame flower,1,642,Pyrostegia venusta (Ker-Gawl.) Miers.,Supramental rain
193,Flame of the forest,1,636,Butea monosperma (Lam.) Taub. [B. frondosaRoxb. ex Willd.],Beginning of the supramental realisation
194,Flame tree,1,494,Delonix regia (Bojer) Raf.,Realisation
195,Flame vine,1,642,Pyrostegia venusta (Ker-Gawl.) Miers.,Supramental rain
196,Flame violet,1,779,Episcia cupreata (Hook.) Hanst.,Will manifested in life
197,Flamingo flower,1,820,Anthurium andreanum Andre.,Mastery of sex
198,Fleur-de-lis,1,515,Iris L.,Aristocracy of beauty
199,Flora's paintbrush,1,445,Emilia sonchifolia (L.) Moench. [E. javanica (Burm. f.) Robinson.],Prudence
200,Florists' chrysanthemum,5,389; 390; 391; 392; 393,Dendranthema Xgrandiflorum Kitam. [Chrysanthemum Xmorifolium Ramat.],Life energy; Purified dynamic life energy; Supramentalised life energy; Life energy in the vital; Life energy in the material
201,Florists' gloxinia,3,186; 188; 349,Sinningia speciosa (Lodd.) Hiern.,Broadening of the being; Broadening of the most material vital; Balanced use of integral power
202,Florists' verbena,1,215,Verbena Xhybrida Groenl. & Ruempl.,Thoroughness
203,Flower in predominantly lavender shades,1,076,Asystasia gangetica (L.) Anderson. {A. coromandeliana Nees.],Vital trust in the divine
204,Flowering maple,2,036; 037,Abutilon Xhybridum hort.; Abutilon indicum (L.) Sweet.,Promise; Mental promise
205,Four-o'clock,4,018; 019; 020; 021,Mirabilis jalapa L.,Solace; Solace in the mind; Solace in the vital; Integral solace
206,Fragrant champaca,1,013,Michelia alba DeCondolle.,Divine smile
207,Frangipani,4,664; 665; 666; 667,Plumeria rubra L.; Plumeria rubra forma tricolor (Ruiz & Pav.) Woodson.; Plumeria obtusa L.,Psychological perfection; Psychological perfection on the way to fulfilment; Psychological perfection in matter; Integral psychological perfection
208,French marigold,1,401,Tagetes patula L.,Detailed plasticity
209,Garden balsam,4,357; 358; 362; 363,Impatiens bahamina L.; Impatiens balsamina L.,Generosity; Psychic generosity; Generosity in the physical; Manifold generosity
210,Garden gladiolus,10,177; 178; 179; 180; 181a; 181b; 182; 183; 184; 185,Gladiolus Xhortulanus L.H. Bailey.,Psychic receptivity; Receptivity of the supramentalised psychic; Mental receptivity; Emotional receptivity; Vital receptivity; Physical receptivity; Integral receptivity; Manifold receptivity; Supramentalised receptivity
211,Garden lupine,1,115,Lupinus L. spp.,Stages to the supreme
212,Garlic-vine,1,771,Mansoa alliacea (Lam.) A. Gentry. [Pseudocalymna alliaceum (Lam.) Sandw.],Collective emotions open to the divine
213,Geranium,1,654,Pelargonium L'Herit. spp.,Spiritual happiness
214,Gingelly,1,355,Sesamum indicum L.,Conciliation
215,Ginger lily,1,003,Hedychium J. G. Koenig.,Sachchidananda
216,Globe amaranth,5,505; 506; 507; 508; 509,Gomphrena globosa L.,Immortality; Vital immortality; Conscious vital immortality; Integral immortality; Supramental immortality
217,Glory bower,1,806,Clerodendrum philippinum Schauer. [C.fragrans (Vent.) R. Br.],Integrally equal basis in the physical
218,Glory tree,1,806,Clerodendrum philippinum Schauer. [C.fragrans (Vent.) R. Br.],Integrally equal basis in the physical
219,Gloxinia,1,186,Sinningia speciosa (Lodd.) Hiern.,Broadening of the being
220,Godetia,1,161,Clarkia unguiculata Lindl. 'Rosea plena,Glad remembrance
221,Golden everlasting,1,638,Helichrysum bracteatum (Vent.) Andrews.,Supramental immortality upon earth
222,Golden fleece,1,692,Thymophylla tenuiloba (DC.) Small. [Dysodia tenuiloba (DC.) B.L. Robinson.],Mental simplicity
223,Golden-shower tree,1,712,Cassia fistula L.,Imagination
224,Goldenrod,1,696,Solidago L. spp.,Mental sincerity
225,Good-luck plant,1,114,Cordyline terminalis (L.) Kunth.,Return
226,Gout plant,1,835,Jatropha podagarica Hook.,First response of the subconscient to the supramental action
227,Green ebony,1,734,Jacaranda Juss. spp.,Attempt at vital goodwill
228,Groundsel,1,443,Senecio L. sp.,Observation
229,Gum tree,1,203,Eucalyptus L'Herit. spp.,Abolition of the ego
230,Hawaiian good-luck plant,1,114,Cordyline terminalis (L.) Kunth.,Return
231,Hawaiian hibiscus,32,569; 575; 576; 577; 578; 586; 587; 588; 589; 592; 593; 596; 599; 600; 601; 602; 604; 605; 606; 607; 608; 609; 610; 611; 612; 613; 614; 615; 616; 617; 618; 620,Hibiscus rosa-sinensis L. 'Daffodil'; Hibiscus rosa-sinensis L.; Hibiscus rosa-sinensis L. 'Grace Goo'; Hibiscus rosa-sinensis L. 'Splash'; Hibiscus rosa-sinensis L. Alipore Beauty'; Hibiscus rosa-sinensis L. 'Waimaea'; Hibiscus rosa-sinensis L. 'Dream'; Hibiscus rosa-sinensis L. 'Sebactini'; Hibiscus rosa-sinensis L. 'Sweetheart'; Hibiscus rosa-sinensis L. 'White Pink Centre',Supramental consciousness; Beauty of tomorrow; Beauty of tomorrow manifesting the divine; Power of spiritual beauty; Victorious beauty; Concentration of the new creation (concentration of auroville); Progress of the new creation (progress of auroville); Manifold power of the new creation (manifold power of auroville); Firmness of the new creation; Power of consciousness; Consciousness one with the divine consciousness; Faith; Power of the psychic consciousness; Psychic power in existence; Mentalised power; Power in the converted mind; Ananda in the physical; Sweetness of power surrendered to the divine (sweetness of auroville); Light of purified power; Power of integral purity; Power of harmony; Aesthetic power; Dynamic power; Controlled power; Power of action; Power of effort (effort of auroville); Power of perseverance (continued perseverance and action); Power of progress; Power to progress; Power of success (success of auroville); Power of realisation; Power in the service of the future
232,Hawthorn,1,312,Crataegus L. spp.,Spring purity
233,Hearts ease,1,723,Viola Xwittrockiana Gams.,Integrally pure thoughts
234,Heliotrope,1,733,Heliotropium arborescens L.,Vital consecration
235,Henna,1,396,Lawsonia inermis L.,Energy turned towards the divine
236,Herald's trumpet,1,202,Beaumontia jerdoniana Wight.,Unselfishness
237,Holly,1,338,Ilex L.,Courageous goodwill
238,Hollyhock,11,145; 146; 147; 148; 149; 150; 151; 152; 153; 154; 155,Alcea rosea L.,Offering; Offering of all obscurities; Psychic offering; Offering of the emotions; Offering of the vital; Integral offering of the vital; Offering of the material vital; Offering of the most material vital; Offering of the physical; Combined offering of two parts of the being; Integral offering
239,Honey mesquite,1,720,Prosopis glandulosa Torr.,Logic in thought
240,Hoppers,1,861,Kalanchoe pinnata (Lam.) Pers.,Light in fairyland
241,Horse-tail creeper,1,883,Parana volubilis Burm. f.,Water
242,Hyacinth,1,518,Hyacinthus orientalis L.,Pride of beauty
243,Hydrangea,1,354,Hydrangea L. spp.,Collective harmony
244,Inch plant,1,751,Tradescantia zebrina hort. ex Bosse. [Zebrina pendula Schnizl.],Quiet strength in the vital
245,Indian almond,1,644,Terminalia catappa L.,Spiritual aspiration
246,Indian blanket,2,051; 052,Gaillardia pulchella Foug. cv. Lorenziana,Successful future; Successful future under the supramental influence
247,Indian cress,4,039; 040; 042a; 042b,Tropaeolum majus L.,Promise of realisation; Promise of realisation in the mind; Promise of realisation in the physical
248,Indian laburnum,1,712,Cassia fistula L.,Imagination
249,Indian laurel,1,805,Calophyllum inophyllum L.,Peace in the physical
250,Indian mallow,2,036; 037,Abutilon Xhybridum hort.; Abutilon indicum (L.) Sweet.,Promise; Mental promise
251,Indian mulberry,1,817,Morinda citrifolia L. non Bedd.,Peace in the sex centre
252,Indian oak,1,197,Tectona grandis L. f.,Renunciation of desires
253,Indian red water lily,1,553,Nymphaea rubra Roxb.,Wealth in the vital
254,Indian root,2,687; 688,Asclepias curassavica L.,Response of the mind to the supramental light; Response of the physical mind to the supramental light
255,Ironbark,1,203,Eucalyptus L'Herit. spp.,Abolition of the ego
256,Italian aster,2,291; 292,Aster amellus L.,Emotional sincerity; Sincerity in the vital
257,Jacobs-coat,3,222; 223; 225,Acalypha wilkesiana Muell. Arg. 'Godseffiana'; Acalypha wilkesiana Muell. Arg.; Acalypha godseffiana hort. Sander ex Mast.,Attempt towards continuity; Vital continuity; Material continuity
258,Jambu mawar,1,450,Syzygium jambos (L.) Alston.,Mastery
259,Japanese flowering cherry,1,520,Prunus serrulata Lindl.,Smile of beauty
260,Japanese snowball,1,311,Viburnum plicatum Thunb. forma plicatum,Collective purity
261,Jasmine,2,302; 303,Jasminum L. spp.,Purity; Psychic purity
262,Java glory bean,1,369,Clerodendrum Xspeciosum Dombr.,Aspiration for the right attitude
263,Javanese ixora,1,129,Ixora javanica (Blume) DC. [I. singaporensis hort.],Aspiration in the physical for the supramental light
264,Jessamine,2,302; 303,Jasminum L. spp.,Purity; Psychic purity
265,Jew's apple,1,409,Solanum melongena L.,Fearlessness in the vital
266,Jewels of Opar,1,789,Talinum paniculatum (Jacq.) Gaertn.,Vital fantasy
267,Joseph's coat,1,510,Alternanthera Forsk. spp.,Integral immortality
268,Joyweed,1,510,Alternanthera Forsk. spp.,Integral immortality
269,Jungle geranium,1,127,Ixora coccinea L.,Mental aspiration
270,Kaffir lily,1,482,Clivia miniata Regel.,Conversion of the aim of life from the ego to the divine
271,Kamani,1,644,Terminalia catappa L.,Spiritual aspiration
272,Knight's star lily,8,483; 484; 485; 486; 487; 488; 489; 490,Hippeastrum Herb. spp.,Conversion; Conversion of the mind; Conversion of the physical mind; Conversion of the emotional being; Conversion of the vital; Conversion of the physical; Integral conversion; Integral conversion with the help of the psychic
273,Knights star lily,1,491,Hippeastrum Herb. spp.,Total conversion
274,Knotted marjoram,1,492,Origanum majorana L.,New birth
275,Knotweed,1,760,Polygonum L. spp.,Vital aspiration for union with the divine
276,Ladies' delight,1,723,Viola Xwittrockiana Gams.,Integrally pure thoughts
277,Large-flowered magnolia,1,417,Magnolia grandiflora L.,Perfect vigilance
278,Laurelwood,1,805,Calophyllum inophyllum L.,Peace in the physical
279,Lead tree,1,451,Leucaena leucocephala (Lam.) De Wit.,Knowledge
280,Leaf cactus,1,424,Pereskia Mill. sp.,Never tell a lie
281,Leather flower,1,419,Clematis L. sp.,Sentry
282,Life plant,1,861,Kalanchoe pinnata (Lam.) Pers.,Light in fairyland
283,Lilac,1,530,Syringa L. spp.,Distinction
284,Lily of the valley,1,307,Convallaria majalis L.,Power of purity
285,Ling,1,843,Calluna vulgaris (L.) Hull.,Blossoming of nature
286,Lipstick tree,1,047,Bixa orellana L.,New world
287,Lobster claw,1,864,Heliconia L. sp.,Bird of paradise
288,Logwood,1,863,Haematoxylum campechianum L.,Fairy freshness
289,Love-lies-bleeding,1,752,Amaranthus caudatus L.,Illumined strength in the vital
290,Madagascar periwinkle,3,283; 284; 289,Catharanthus roseus (L.) G. Don. [Vincarosea L]; Catharanthus roseus (L.) G. Don. [Vinca rosea L.]; Catharanthus roseus (L.) G. Don. 'Albus' [Vinca rosea L.],Progress; Uninterrupted but spasmodic progress; Integral progress
291,Madar,1,404,Calotropis gigantea (L.) Ait. f.,Integral courage
292,Madonna lily,1,306,Lilium candidum L.,"Purity arising from perfect, consecration"
293,Madre de cacao,1,532,Gliricidia sepium (Jacq.) Kunth ex Walp.,Refinement of habits
294,Malabar plum,1,450,Syzygium jambos (L.) Alston.,Mastery
295,Mango,1,847,Mangifera indica L.,Divine knowledge
296,Maple,1,120,Acer L. spp.,Flame of aspiration
297,Maple-leaved bayur,1,640,Pterospermum acerifolium (L.) Willd.,Realisation of supramental riches
298,Margosa,1,649,Azadirachta indica A. Juss.,Spiritual atmosphere
299,Marguerite,1,848,Leucanthemum vulgare Lam. [Chrysanthemum leucanthemum L.],Spontaneous aspiration of nature towards the divine
300,Marigold,1,397,Tagetes L. spp.,Plasticity
301,Marvel of Peru,4,018; 019; 020; 021,Mirabilis jalapa L.,Solace; Solace in the mind; Solace in the vital; Integral solace
302,Matal,2,687; 688,Asclepias curassavica L.,Response of the mind to the supramental light; Response of the physical mind to the supramental light
303,Mealy sage,1,886,Salvia farinacea Benth.,Krishna's light in the overmind
304,Mexican bush sage,1,646,Salvia leucantha Cav.,The vital consenting to be spiritualised
305,Mexican shrimp plant,1,662,Justicia brandegeana Wassh. & L.B. Sm.,Thirst for perfection
306,Mexican sunflower,1,557,Tithonia diversifolia (Hemsl.) A. Gray.,First movement of riches towards the divine
307,Mignonette,1,339,Reseda odorata L.,Benevolence
308,Mignonette tree,1,396,Lawsonia inermis L.,Energy turned towards the divine
309,Mimosa bush,1,453,Acacia farnesiana (L.) Willd.,Supramental knowledge
310,Mistletoe,1,035,Viscum album L.,Sign of the spirit
311,Monkey pod,1,455,Albizia saman F. Muell. [Samanea saman (Jacq.) Merrill.],Wisdom
312,Monkey-faced pansy,1,745,Achimenes grandiflora Schiede.,Silence in the vital
313,Moon cereus,1,563,Selenicereus (A. Berger) Britt. & Rose. spp.,Supramental riches
314,Moon daisy,1,848,Leucanthemum vulgare Lam. [Chrysanthemum leucanthemum L.],Spontaneous aspiration of nature towards the divine
315,Moreton Bay chestnut,1,690,Castanospermum australe A. Cunn. & C. Fraser.,Mind of light acting in matter
316,Morning glory,2,522; 842,Ipomoea tricolor Cav. 'Scarlet O'Hara'; Ipomoea L. spp.,Joy of beauty; Nature makes an offering other beauty
317,Moss rose,1,014,Portulaca grandiflora Hook.,Sri Aurobindo's compassion
318,Moss verbena,3,780; 781; 782,Verbena tenuisecta Briq.,Aspiration for the conquest of enemies in the vital; Will to conquer vital enemies; Conquest over vital enemies
319,Moth orchid,1,071,Asystasia gangetica (L.) Anderson. [A. coromandeliana Nees.],Trust in the divine
320,Mother-in-law's tongue,1,656,Sansevieria Thunb. spp.,Joy of spirituality
321,Mountain thistle,1,773,Acanthus montanns (Nees) Anderson.,The emotions awake to the first contact with the divine
322,Mournful widow,2,022; 023,Scabiosa atropurpurea L.,Blessings; Blessings on the material world
323,Mudar,1,404,Calotropis gigantea (L.) Ait. f.,Integral courage
324,Mungo tree,1,439,Parkia pedunculata (Roxb.) Macbr. [P. biglandulosa Wight & Am.],Boastfulness
325,Nap at noon,1,314,Ornithogalum umbellatum L.,Beauty in collective simplicity
326,Nasturtium,4,039; 040; 042a; 042b,Tropaeolum majus L.,Promise of realisation; Promise of realisation in the mind; Promise of realisation in the physical
327,Native hops,1,868,Dodonaea viscosa (L.) Jacq.,Psychic awakening in matter
328,Neem,1,649,Azadirachta indica A. Juss.,Spiritual atmosphere
329,Nepal trumpet flower,1,202,Beaumontia jerdoniana Wight.,Unselfishness
330,Nerve plant,1,212,Fittonia verschaffeltii var. argyroneura (Coem.) Nichols.,Application
331,Nicaraguan cocoa-shade,1,532,Gliricidia sepium (Jacq.) Kunth ex Walp.,Refinement of habits
332,Night-blooming cereus,1,563,Selenicereus (A. Berger) Britt. & Rose. spp.,Supramental riches
333,Nittu tree,1,439,Parkia pedunculata (Roxb.) Macbr. [P. biglandulosa Wight & Am.],Boastfulness
334,Old maid,2,283; 289,Catharanthus roseus (L.) G. Don. [Vincarosea L]; Catharanthus roseus (L.) G. Don. 'Albus' [Vinca rosea L.],Progress; Integral progress
335,Oleander,4,725; 726; 728; 729,Nerium oleander L.,Contemplation of the divine; Quiet mind; Perfect quietness in the mind; Turning of wrong movements into right movements
336,Orange jessamine,1,744,Murray a paniculata (L.) Jack.,Peace in the vital
337,Orchid,7,059; 060; 061; 062; 063; 067; 069,Cattleya Lindl.; Cattleya Lindl. spp.; Dendrobium moschatum Swartz.; Papilionanthe teres (Roxb.) Schltr. [Vanda teres (Roxb.) Lindl.]; Spathoglottis plicata Bl.; Eulophia R. Br. ex Lindl. spp.,Attachment to the divine; The aim of existence is realised; Beauty of attachment to the divine; Mental attachment to the divine; Emotional attachment to the divine; Integral attachment to the divine; Exclusive turning of all movements towards the divine
338,Orchid tree,1,743,Bauhinia purpurea L. not hort.,Stability in the higher vital
339,Orchids,1,058,Orchidaceae,Attachment to the divine
340,Oriental cherry,1,520,Prunus serrulata Lindl.,Smile of beauty
341,Ox-eye daisy,1,848,Leucanthemum vulgare Lam. [Chrysanthemum leucanthemum L.],Spontaneous aspiration of nature towards the divine
342,Oyster plant,1,004,Tradescantia spathacea Sw. \Rhoeo spathacea (Swartz) Steam.],Divine presence
343,Painkiller,1,817,Morinda citrifolia L. non Bedd.,Peace in the sex centre
344,Painted nettle,1,754,Solenostemon scutellarioides (L.) Codd. [Coleus Xhybridus Voss.],Spiritual awakening of the vital
345,Palas,1,636,Butea monosperma (Lam.) Taub. [B. frondosaRoxb. ex Willd.],Beginning of the supramental realisation
346,Pandanus palm,1,657,Pandanus tectorius Parkins.,Spiritual perfume
347,Pansy,1,723,Viola Xwittrockiana Gams.,Integrally pure thoughts
348,Paprika,1,797,Capsicum annuum L. var. annuum,A whipping
349,Paradise flower,1,716,Caesalpinia pulcherrima (L.) Sw.,Fire in the mind
350,Parlor maple,2,036; 037,Abutilon Xhybridum hort.; Abutilon indicum (L.) Sweet.,Promise; Mental promise
351,Passion flower,2,252; 321,Passiflora vitifolia HBK.; Passiflora L. incarnata Xcincinnata 'Incense',Power aspiring to become an instrument for the divine work; Silence
352,Peacock flower,1,494,Delonix regia (Bojer) Raf.,Realisation
353,Pelican flower,1,461,Aristolochia ringens Vahl. non Link & Otto.,Lasting inspiration
354,Peony,1,526,Paeonia L. spp.,Beauty in art
355,Peregrina,1,853,Jatropha integerrima Jacq.,Awakening and first response of nature to the supramental manifestation
356,Persian shield,1,241,Strobilanthes kunthianus T. Anders.,Power of perfect endurance
357,Persian violet,1,858,Cyclamen purpurascens Mill.,Scented marvel
358,Petunia,13,373; 374; 375; 376; 377; 378a; 378b; 381; 382; 385; 386; 387; 388,Petunia Xhybrida hort. Vilm.-Andr.; Petunia Xhybrida hort. Vilm.-Andr..,Enthusiasm; Cheerful enthusiasm; Enthusiasm in action; Cheerful enthusiasm in action; Psychic enthusiasm; Cheerful psychic enthusiasm; Vital enthusiasm; Cheerful vital enthusiasm; Physical enthusiasm; Cheerful physical enthusiasm; Integral enthusiasm; Cheerful integral enthusiasm
359,Philippine violet,3,168; 170; 766,Barleria cristata L.,Opening of the emotional vital; Integral opening of the being to the divine; Elegance in the emotions
360,Pincushion flower,1,023,Scabiosa atropurpurea L.,Blessings on the material world
361,Pink porcelain lily,1,436,Alpinia zerumbet (Pers.) B.L. Burn & Rosemary. M. Sm.,Eloquence
362,Pinwheel flower,3,698; 699; 700,Tabernaemontana divaricata (L.) R. Br. ex Roem. & Schult.; Tabernaemontana divaricata (L.) R. Br. ex Roem. & Schult. 'Flore-pleno',Mental purity; Integral mental purity; Perfect mental purity
363,Polyantha rose,1,108,Rosa Xrehderana Blackb.,Communion with the divine
364,Pomegranate,3,007; 008; 009,Punica granatum L.,Divine love; Divine sacrifice; Divine love spreading over the world
365,Portia tree,1,827,Thespesia populnea (L.) Sol. exCorr.,Health
366,Powderpuff,1,456,Calliandra Benth. spp.,Striving towards wisdom
367,Powderpuff tree,1,456,Calliandra Benth. spp.,Striving towards wisdom
368,Pride of India,1,086,Lagerstroemia speciosa (L.) Pers. [L. flos-reginae Retz.],Intimacy with universal nature
369,Primrose,1,856,Primula L. spp.,Growth
370,Pummelo,1,205,Citrus maxima (Burm.) Merrill.,Continence
371,Purging cassia,1,712,Cassia fistula L.,Imagination
372,Purple flowers,1,199,Angelonia salicariifolia Humb. & Bonpl.,Renunciation of vital desires
373,Pygmy rose,1,097,Rosa chinensis Jacq. 'Minima,Detailed surrender
374,Pyinma,1,086,Lagerstroemia speciosa (L.) Pers. [L. flos-reginae Retz.],Intimacy with universal nature
375,Queen's crape myrtle,1,086,Lagerstroemia speciosa (L.) Pers. [L. flos-reginae Retz.],Intimacy with universal nature
376,Rain tree,1,455,Albizia saman F. Muell. [Samanea saman (Jacq.) Merrill.],Wisdom
377,Rainbow pink,1,277,Dianthus chinensis L.,Obedience
378,Ramona,1,645,Salvia L. spp.,Aspiration for spirituality
379,Rattlebox,1,787,Crotalaria L. sp.,Formative faculty in the vital
380,Red pepper,1,797,Capsicum annuum L. var. annuum,A whipping
381,Red powderpuff,1,458,Calliandra haematocephala Hassk.,Wisdom in the physical mind
382,Red-hot cattail,1,224,Acalypha hispida Burm. f.,Physical continuity
383,Resurrection lily,1,739,Kaempferia rotunda L.,Vital honesty
384,Rhododendron,1,513,Rhododendron L. spp.,Abundance of beauty
385,Ringworm shrub,1,715,Senna alata (L.) Roxb. [Cassia alata L.j,Idea
386,Rose,5,087; 089; 096; 104; 109,Rosa L.,Love for the divine; Psychic love; Loving surrender; Balance of the nature in the love for the divine; Love from the divine
387,Rose apple,1,450,Syzygium jambos (L.) Alston.,Mastery
388,Rose of-China,1,602,Hibiscus rosa-sinensis L.,Power in the converted mind
389,Rose- of-China,23,569; 575; 577; 586; 587; 592; 593; 596; 599; 600; 604; 605; 606; 607; 608; 609; 610; 611; 614; 615; 616; 617; 618,Hibiscus rosa-sinensis L. 'Daffodil'; Hibiscus rosa-sinensis L.; Hibiscus rosa-sinensis L. Alipore Beauty'; Hibiscus rosa-sinensis L. 'Waimaea'; Hibiscus rosa-sinensis L. 'Dream'; Hibiscus rosa-sinensis L. 'Sweetheart'; Hibiscus rosa-sinensis L. 'White Pink Centre',Supramental consciousness; Beauty of tomorrow; Power of spiritual beauty; Concentration of the new creation (concentration of auroville); Progress of the new creation (progress of auroville); Power of consciousness; Consciousness one with the divine consciousness; Faith; Power of the psychic consciousness; Psychic power in existence; Ananda in the physical; Sweetness of power surrendered to the divine (sweetness of auroville); Light of purified power; Power of integral purity; Power of harmony; Aesthetic power; Dynamic power; Controlled power; Power of perseverance (continued perseverance and action); Power of progress; Power to progress; Power of success (success of auroville); Power of realisation
390,Rose-of-,1,576,Hibiscus rosa-sinensis L.,Beauty of tomorrow manifesting the divine
391,Rose-of- China,1,578,Hibiscus rosa-sinensis L. 'Grace Goo',Victorious beauty
392,Rose-of-China,4,588; 589; 612; 613,Hibiscus rosa-sinensis L. 'Splash'; Hibiscus rosa-sinensis L.; Hibiscus rosa-sinensis L. 'Sebactini',Manifold power of the new creation (manifold power of auroville); Firmness of the new creation; Power of action; Power of effort (effort of auroville)
393,Rosebay,4,725; 726; 728; 729,Nerium oleander L.,Contemplation of the divine; Quiet mind; Perfect quietness in the mind; Turning of wrong movements into right movements
394,Royal poinciana,1,494,Delonix regia (Bojer) Raf.,Realisation
395,Sacred lotus,2,001; 002,Nelumbo nucifera Gaertn. 'Alba'; Nelumbo nucifera Gaertn.,Aditi - the divine consciousness; Avatar - the supreme manifest on earth in a body
396,Sage,1,645,Salvia L. spp.,Aspiration for spirituality
397,Saman,1,455,Albizia saman F. Muell. [Samanea saman (Jacq.) Merrill.],Wisdom
398,Scarlet flame bean,1,011,Brownea coccinea Jacq. corr. Murr.,Divine love governing the world
399,Scarlet orchid,1,068,Epidendrum XObrienianum Rolfe.,Attachment of the cells to the divine
400,Scarlet sage,1,647,Salvia splendens F. Sell. ex Roem. & Schult.,Matter consenting to be spiritualised
401,Scotch broom,1,713,Cytisus scoparius (L.) Link.,Inventions
402,Scots heather,1,843,Calluna vulgaris (L.) Hull.,Blossoming of nature
403,Sensitive plant,1,790,Mimosa pudica L.,Vital sensitivity
404,Sesame,1,355,Sesamum indicum L.,Conciliation
405,Seven golden candlesticks,1,715,Senna alata (L.) Roxb. [Cassia alata L.j,Idea
406,Shaddock,1,205,Citrus maxima (Burm.) Merrill.,Continence
407,Shell ginger,1,436,Alpinia zerumbet (Pers.) B.L. Burn & Rosemary. M. Sm.,Eloquence
408,Shrimp plant,1,662,Justicia brandegeana Wassh. & L.B. Sm.,Thirst for perfection
409,Shrub verbena,3,813; 814; 815,Lantana L. spp.,Light in the cells; Purity in the cells; Emotional beauty in the cells
410,Silk-cotton tree,1,639,Cochlospermum religiosum (L.) Alston.,Success in supramental work
411,Silver net plant,1,212,Fittonia verschaffeltii var. argyroneura (Coem.) Nichols.,Application
412,Slipper orchid,1,074,Asystasia gangetica (L.) Anderson. [A. coromandeliana Nees.],Trust of the vital mind in the divine
413,Smartweed,1,760,Polygonum L. spp.,Vital aspiration for union with the divine
414,Snake plant,2,655; 656,Sansevieria Thunb. spp.,Power of spirituality; Joy of spirituality
415,Snapdragon,5,426; 427; 428; 429; 430,Antirrhinum majus L.,Power of expression; Power of psychic expression; Power of mental expression; Power of vital expression; Power of physical expression
416,Snapdragon Multicoloured flower,2,432a; 432b,Antirrhinum majus L.,Power of manifold expression
417,Snow creeper,1,883,Parana volubilis Burm. f.,Water
418,Snowdrop,1,044,Galanthus nivalis L. 'Viridapicis',Promise of renewal
419,Soap-won,1,143,Saponaria officinalis L.,Right use of the granted grace
420,Sorrowless tree,1,333,Saraca indica L.,Without grief
421,Spanish cherry,1,245,Mimusops elengi L.,Accomplishment
422,Spanish flag,1,282,Ipomoea lobata (Cerv.) Thell. [Mina lobata (Cerv.)],Thirst to learn
423,Spicy jatropha,1,853,Jatropha integerrima Jacq.,Awakening and first response of nature to the supramental manifestation
424,Spider flower,1,119,Cleome hasslerana Chodat.,Elan of aspiration
425,Spider lily,1,479,Hymenocallis Salisb. spp.,Alchemy
426,Spider plant,1,119,Cleome hasslerana Chodat.,Elan of aspiration
427,Sprenger asparagus,1,425,Asparagus densiflorus (Kunth.) Jessop. 'Sprengeri',Spiritual speech
428,Sprengeri,1,425,Asparagus densiflorus (Kunth.) Jessop. 'Sprengeri',Spiritual speech
429,Spurred snapdragon,1,323,Linaria maroccana Hook. f.,Expressive silence
430,Star of Bethlehem,1,314,Ornithogalum umbellatum L.,Beauty in collective simplicity
431,Star-cluster,4,472; 473; 474; 475,Pentas lanceolata (Forssk.) Deflers.; Pentas lanceolata forssk.) Deflers.; Pentas lanceolata (forssk.) Deflers.,Movements in the light; Light in the vital movements; Psychic light in the physical movements; Psychic light in the material movements
432,Starfruit,1,272,Averrhoa carambola L.,Organised team-work
433,Storksbill,1,654,Pelargonium L'Herit. spp.,Spiritual happiness
434,Strawflower,1,638,Helichrysum bracteatum (Vent.) Andrews.,Supramental immortality upon earth
435,Stringybark,1,203,Eucalyptus L'Herit. spp.,Abolition of the ego
436,Summer lilac,1,531,Buddleja davidii Franch.,Refinement
437,Summer snowflake,1,314,Ornithogalum umbellatum L.,Beauty in collective simplicity
438,Summer torch,1,206,Pitcairnia museosa L'Herit.,Control
439,Sun hemp,1,703,Crotalaria juncea L.,Formative faculty in the mind
440,Sunflower,4,464; 465; 466; 635,Helianthus L. spp.; Helianthus L. sp.,Consciousness turned towards the light; Consciousness turned towards the supramental light; Intensity of consciousness in the full supramental light; Supramental artistic genius
441,Swallow wort,2,687; 688,Asclepias curassavica L.,Response of the mind to the supramental light; Response of the physical mind to the supramental light
442,Sweet acacia Scented wattle,1,453,Acacia farnesiana (L.) Willd.,Supramental knowledge
443,Sweet Alison,1,337,Lobularia maritima (L.) Desv.,Goodwill
444,Sweet alyssum,1,337,Lobularia maritima (L.) Desv.,Goodwill
445,Sweet marjoram,1,492,Origanum majorana L.,New birth
446,Sweet pea,2,334; 335,Lathyrus odoratus L.,Gentleness; Vital gentleness
447,Sweet reseda,1,339,Reseda odorata L.,Benevolence
448,Sweet scabius,2,022; 023,Scabiosa atropurpurea L.,Blessings; Blessings on the material world
449,Sweet wattle,1,453,Acacia farnesiana (L.) Willd.,Supramental knowledge
450,Sweet William,1,278,Dianthus barbatus L.,Detailed obedience
451,Sword lily,1,515,Iris L.,Aristocracy of beauty
452,Tail flower,1,820,Anthurium andreanum Andre.,Mastery of sex
453,Tampala,1,406,Amaranthus tricolor L. 'Molten Fire',Bravery
454,Tartogo,1,835,Jatropha podagarica Hook.,First response of the subconscient to the supramental action
455,Teak,1,197,Tectona grandis L. f.,Renunciation of desires
456,Temple tree,4,664; 665; 666; 667,Plumeria rubra L.; Plumeria rubra forma tricolor (Ruiz & Pav.) Woodson.; Plumeria obtusa L.,Psychological perfection; Psychological perfection on the way to fulfilment; Psychological perfection in matter; Integral psychological perfection
457,Terrestrial orchid,1,067,Spathoglottis plicata Bl.,Integral attachment to the divine
458,Thomas tree,1,878,Bauhinia tomentosa L.,Gold
459,Thorn,1,312,Crataegus L. spp.,Spring purity
460,Thorn apple,3,191; 194; 312,Datura L.; Crataegus L. spp.,Tapasya; Integral tapasya; Spring purity
461,Ti,1,114,Cordyline terminalis (L.) Kunth.,Return
462,Tickweed,1,249,Coreopsis tinctoria Nutt.,Cheerfulness in work for the divine
463,Toadflax,1,323,Linaria maroccana Hook. f.,Expressive silence
464,Transvaal daisy,1,423,Gerbera jamesonii H. Bolus ex Hook. f.,Frankness
465,Tree cotton,1,758,Gossypium arboreum L.,Success in the most material vital
466,Trefoil,1,845,Trifolium L. spp.,Kindness of nature
467,Tropical almond,1,644,Terminalia catappa L.,Spiritual aspiration
468,Trumpet bush,1,680,Tecoma Xsmithii Will. Whats. [T. alata DC,Physical mind
469,Tuberose,1,049,Polianthes tuberosa L.,Perfect new creation
470,Turk's cap,2,016; 017,Malvaviscus arboreus Cav. var. mexicana Schildl.,Divine solicitude; Divine solicitude rightly understood
471,Unicorn plant,1,213,Martynia annua L.,Regularity
472,Usambara violet,1,738,Saintpaulia ionantha H. Wendl.,Correct movement
473,Vanda orchid,1,073,Asystasia gangetica (L.) Anderson. [A. coromandeliana Nees.],Mental trust in the divine
474,Vanilla orchid,1,065,Vanda tessellata (Roxb.) D. Don.,Detailed attachment to the divine
475,Vasevine,1,419,Clematis L. sp.,Sentry
476,Velvet flower,1,752,Amaranthus caudatus L.,Illumined strength in the vital
477,Virgin's bower,1,419,Clematis L. sp.,Sentry
478,Wallflower,1,331,Erysimum cheiri (L.) [Cheiranthus cheiri L.],Optimism
479,Wandering Jew,1,751,Tradescantia zebrina hort. ex Bosse. [Zebrina pendula Schnizl.],Quiet strength in the vital
480,Water hyacinth,1,894,Eichhomia crassipes (Mart.) Solms-Laub.,Krishna's play in the vital
481,Water lily,10,548; 549; 550; 551a; 551b; 552; 553; 554; 555; 556,Nymphaea L. spp.; Nymphaea rubra Roxb.,Wealth; Supramentalised wealth; Wealth in the mind of light; Wealth under the psychic influence; Emotional wealth; Wealth in the vital; Wealth in the most material vital; Generous wealth; Integral wealth of mahalakshmi
482,Wax mallow,1,015,Malvaviscus arboreus Cav. var. drummondii (Torr. & A. Gray) Schery.,Divine help
483,West Indian creeper,1,243,Wedelia Jacq. spp.,Detailed perseverance
484,White flower,3,077; 269; 353,Asystasia gangetica (L.) Anderson. [A. coromandeliana Nees.]; Pseuderanthemum Radlk. sp.; Antigonon leptopus Hook. & Arn. Album',Integral trust in the divine; Integral organisation; Integral harmony
485,White flowers,1,200,Angelonia salicariifolia Humb. & Bonpl.,Integral renunciation of vital desires
486,White ixora,1,811,Ixora thwaitesii Hook. f.,Peace in the cells
487,Wild ginger,2,462; 463,Costus speciosus (J.G. Koenig) Sm. (rose form); Costus speciosus (J.G. Koenig) Sm. (white form),Revelation; Integral revelation
488,Wild sage,1,707,Gmelina philippensis Cham.,Mental voice
489,Wine grape,1,006,Vitis vinifera L.,Divine ananda
490,Winter cherry,1,859,Physalis alkekengi L.,Sun-drop
491,Winter daffodil,1,135,Sternbergia lutea (L.) Roem. & Schult.,Supramental invocation
492,Wishbone flower,1,895,Torenia fournieri Lind. ex E. Fourn.,Krishna's play
493,Wooden rose,2,012; 327,Operculina turpethum (L.) Silva Manso.,Call of the divine grace; Integral gratitude
494,Yellow flower,1,824,Cosmos sulphurous Cav.,Supramental light in the sex centre
495,Yellow oleander,1,689,Thevetia peruviana (Pers.) Schum.,Supramentalised mind
496,Youth-and-old-age,5,228; 230; 233; 234; 238,Zinnia elegans Jacq.,Victorious endurance; Joyful endurance; Psychic endurance; Mental endurance; Integral endurance
497,Zamang,1,455,Albizia saman F. Muell. [Samanea saman (Jacq.) Merrill.],Wisdom
498,Zedoary,1,319,Curcuma zedoaria (Christm.) Roscoe. [C pallida Lour.],Peace
499,Zephyr flower,4,130; 131; 132; 133,Zephyranthes Herb.,Prayer; Psychic prayer; Mental prayer; Vital prayer
500,Zitherwood,1,648,Citharexylum L. spp.,Spiritual ascension
