id,fragrance,flowering_season,bloom_time,plant_type,primary_color
001,,,,Aquatic,White
002,,,,Aquatic,Pink
003,,,,Herb,White
004,,,,Herb,White
005,,,,Shrub,White
006,,,,Vine / Climber,Purple
007,,,,Shrub / Small Tree,Orange
008,,,,Shrub / Small Tree,Orange
009,,,,Shrub / Small Tree,Golden Yellow
010,,,,Shrub / Small Tree,White
011,,,,Small Tree,Rose
012,,,,Vine / Climber,Yellow
013,,,,Tree,White
014,,,,Succulent,Rose
015,,,,Shrub,Red
016,,,,Shrub,Red
017,,,,Shrub,Pink
018,,,,Herb,Yellow
019,,,,Herb,Yellow
020,,,,Herb,Magenta
021,,,,Herb,White
022,,,,Herb,Pink
023,,,,Herb,Purple
024,,,,Vine / Climber,Rose
025,,,,Vine / Climber,Magenta
026,,,,Vine / Climber,Pink
027,,,,Vine / Climber,Pink
028,,,,Vine / Climber,Magenta
029,,,,Vine / Climber,Lavender
030,,,,Vine / Climber,Red
031,,,,Vine / Climber,Orange
032,,,,Vine / Climber,White
033,,,,Vine / Climber,Magenta
034,,,,Vine / Climber,Orange
035,,,,Epiphyte,White
036,,,,Shrub,White
037,,,,Shrub,Golden Yellow
038,,,,Shrub,Orange
039,,,,Herb,Golden Yellow
040,,,,Herb,Yellow
041a,,,,Herb,Golden Yellow
041b,,,,Herb,Maroon
042a,,,,Herb,Yellow
042b,,,,Herb,Maroon
043,,,,Herb,Maroon
044,,,,Herb,White
045,,,,Herb,White
046,,,,Small Tree,Yellow
047,,,,Shrub / Small Tree,Pink
048,,,,Herb,White
049,,,,Herb,White
050,,,,Shrub / Small Tree,Golden Yellow
051,,,,Herb,Orange
052,,,,Herb,Orange
053,,,,Herb,White
054,,,,Vine / Climber,White
055,,,,Small Tree,Blue Violet
056,,,,Shrub,White
057,,,,Herb,Orange
058,,,,Epiphyte,Pink
059,,,,Epiphyte,Orange
060,,,,Epiphyte,White
061,,,,Epiphyte,Pink
062,,,,Epiphyte,Yellow
063,,,,Epiphyte,Rose
064,,,,Epiphyte,Lavender
065,,,,Epiphyte,Yellow
066,,,,Herb,Pink
067,,,,Herb,White
068,,,,Epiphyte,Red
069,,,,Herb,Green
070,,,,Vine / Climber,Green
071,,,,Herb,Purple
072,,,,Herb,Purple
073,,,,Herb,Yellow
074,,,,Herb,White
075,,,,Herb,White
076,,,,Herb,Magenta
077,,,,Herb,White
078,,,,Herb,Orange
079,,,,Herb,Orange
080,,,,Herb,Golden Yellow
081,,,,Shrub / Small Tree,Pink
082,,,,Shrub / Small Tree,Pink
083,,,,Shrub / Small Tree,Magenta
084,,,,Shrub / Small Tree,Red
085,,,,Shrub / Small Tree,Pink
086,,,,Tree,Magenta
087,,,,Shrub,Rose
088,,,,Shrub,White
089,,,,Shrub,Rose
090,,,,Shrub,Orange
091,,,,Shrub,White
092,,,,Shrub,Pink
093,,,,Shrub,Mauve
094,,,,Shrub,Green
095,,,,Shrub,Rose
096,,,,Shrub,Red
097,,,,Shrub,Rose
098,,,,Shrub,White
099,,,,Shrub,Rose
100,,,,Shrub,Golden Yellow
101,,,,Shrub,Golden Yellow
102,,,,Shrub,Golden Yellow
103,,,,Shrub,Red
104,,,,Shrub,Rose
105,,,,Shrub,Orange
106,,,,Shrub,Pink
107,,,,Shrub,Orange
108,,,,Shrub,Rose
109,,,,Shrub,Rose
110,,,,Herb,Green
111,,,,Shrub / Small Tree,White
112,,,,Vine / Climber,Purple
113,,,,Grass / Grass-like,Orange
114,,,,Shrub,White
115,,,,Herb,White
116,,,,Herb,Orange
117,,,,Herb,Violet
118,,,,Small Tree,White
119,,,,Herb,Pink
120,,,,Tree,Golden Yellow
121,,,,Herb,White
122,,,,Shrub,White
123,,,,Vine / Climber,Mauve
124,,,,Shrub / Small Tree,White
125,,,,Vine / Climber,White
126,,,,Shrub,Pink
127,,,,Shrub,Yellow
128,,,,Shrub,Red
129,,,,Shrub,Orange
130,,,,Herb,Pink
131,,,,Herb,Pink
132,,,,Herb,Yellow
133,,,,Herb,Pink
134,,,,Herb,White
135,,,,Herb,Yellow
136,,,,Small Tree,White
137,,,,Herb,White
138,,,,Small Tree,Orange
139,,,,Small Tree,Green
140,,,,Herb,Mauve
141,,,,Herb,White
142,,,,Herb,White
143,,,,Herb,Rose
144,,,,Vine / Climber,Lavender
145,,,,Herb,Magenta
146,,,,Herb,Purple
147,,,,Herb,Rose
148,,,,Herb,Rose
149,,,,Herb,Red
150,,,,Herb,White
151,,,,Herb,Magenta
152,,,,Herb,Magenta
153,,,,Herb,Magenta
154,,,,Herb,Pink
155,,,,Herb,White
156,,,,Vine / Climber,White
157,,,,Vine / Climber,White
158,,,,Shrub,Purple
159,,,,Vine / Climber,White
160,,,,Herb,Magenta
161,,,,Herb,Pink
162,,,,Herb,Lavender
163,,,,Herb,Pink
164,,,,Herb,Blue
165,,,,Shrub,Lavender
166,,,,Shrub,Yellow
167,,,,Shrub,Lavender
168,,,,Shrub,Magenta
169,,,,Shrub,Lavender
170,,,,Shrub,White
171,,,,Shrub,Lavender
172,,,,Shrub,Purple
173,,,,Shrub,Lavender
174,,,,Shrub,Purple
175,,,,Shrub,White
176,,,,Herb,Pink
177,,,,Herb,Pink
178,,,,Herb,Pink
179,,,,Herb,Yellow
180,,,,Herb,Pink
181a,,,,Herb,Purple
181b,,,,Herb,Red
182,,,,Herb,Red
183,,,,Herb,White
184,,,,Herb,Orange
185,,,,Herb,Orange
186,,,,Herb,Red
187,,,,Herb,White
188,,,,Herb,Purple
189,,,,Herb,Orange
190,,,,Succulent,Red
191,,,,Herb,White
192,,,,Herb,Golden Yellow
193,,,,Herb,Purple
194,,,,Herb,Yellow
195,,,,Shrub / Small Tree,White
196,,,,Vine / Climber,Lavender
197,,,,Tree,White
198,,,,Herb,White
199,,,,Herb,Purple
200,,,,Herb,White
201,,,,Shrub / Small Tree,White
202,,,,Vine / Climber,Yellow
203,,,,Tree,Yellow
204,,,,Shrub / Small Tree,Yellow
205,,,,Small Tree,White
206,,,,Herb,Orange
207,,,,Herb,Orange
208,,,,Herb,White
209,,,,Shrub,Pink
210,,,,Shrub / Small Tree,White
211,,,,Shrub / Small Tree,White
212,,,,Herb,Yellow
213,,,,Herb,Pink
214,,,,Herb,Pink
215,,,,Herb,Magenta
216,,,,Herb,Pink
217,,,,Herb,Lavender
218,,,,Herb,Maroon
219,,,,Herb,White
220,,,,Herb,Red
221,,,,Shrub,Green
222,,,,Shrub,Red
223,,,,Shrub,Red
224,,,,Shrub,Red
225,,,,Shrub,Red
226,,,,Herb,Magenta
227,,,,Herb,Magenta
228,,,,Herb,Orange
229,,,,Herb,Green
230,,,,Herb,Rose
231,,,,Herb,White
232,,,,Herb,Golden Yellow
233,,,,Herb,Rose
234,,,,Herb,Yellow
235,,,,Herb,Rose
236,,,,Herb,Rose
237,,,,Herb,Red
238,,,,Herb,White
239,,,,Herb,White
240,,,,Herb,Golden Yellow
241,,,,Shrub,Purple
242,,,,Herb,Orange
243,,,,Herb,Yellow
244,,,,Tree,White
245,,,,Tree,Orange
246,,,,Tree,Golden Yellow
247,,,,Tree,Yellow
248,,,,Herb,Orange
249,,,,Herb,Red
250,,,,Herb,White
251,,,,Herb,White
252,,,,Vine / Climber,Red
253,,,,Shrub,Orange
254,,,,Herb,Pink
255,,,,Herb,Pink
256,,,,Herb,Golden Yellow
257,,,,Herb,White
258,,,,Herb,Purple
259,,,,Herb,Magenta
260,,,,Herb,Red
261,,,,Herb,White
262,,,,Herb,Pink
263,,,,Herb,Magenta
264,,,,Shrub / Small Tree,White
265,,,,Shrub,White
266,,,,Shrub,White
267,,,,Shrub,Pink
268,,,,Shrub,White
269,,,,Shrub,White
270,,,,Shrub,Rose
271,,,,Shrub,White
272,,,,Small Tree,Pink
273,,,,Shrub,Red
274,,,,Shrub,White
275,,,,Herb,White
276,,,,Herb,Pink
277,,,,Herb,Pink
278,,,,Herb,Red
279,,,,Herb,Pink
280,,,,Herb,White
281,,,,Shrub,Yellow
282,,,,Vine / Climber,Red
283,,,,Herb,Pink
284,,,,Herb,Magenta
285,,,,Herb,Pink
286,,,,Herb,White
287,,,,Herb,Pink
288,,,,Herb,White
289,,,,Herb,White
290,,,,Herb,Yellow
291,,,,Herb,Magenta
292,,,,Herb,Lavender
293,,,,Herb,Lavender
294,,,,Herb,Pink
295,,,,Herb,Magenta
296,,,,Herb,Magenta
297,,,,Herb,Purple
298,,,,Herb,Lavender
299,,,,Herb,Magenta
300,,,,Herb,White
301,,,,Herb,Yellow
302,,,,Vine / Climber,White
303,,,,Vine / Climber,White
304,,,,Shrub,White
305,,,,Herb,White
306,,,,Herb,White
307,,,,Herb,White
308,,,,Shrub,White
309,,,,Shrub,White
310,,,,Shrub / Small Tree,White
311,,,,Shrub,White
312,,,,Shrub / Small Tree,White
313,,,,Herb,Rose
314,,,,Herb,White
315,,,,Herb,White
316,,,,Herb,Purple
317,,,,Shrub,Yellow
318,,,,Herb,Pink
319,,,,Herb,Green
320,,,,Herb,White
321,,,,Vine / Climber,Purple
322,,,,Vine / Climber,White
323,,,,Herb,Yellow
324,,,,Shrub,White
325,,,,Vine / Climber,Lavender
326,,,,Vine / Climber,Yellow
327,,,,Vine / Climber,White
328,,,,Shrub,Magenta
329,,,,Herb,Maroon
330,,,,Herb,Yellow
331,,,,Herb,Orange
332,,,,Herb,Lavender
333,,,,Tree,Orange
334,,,,Vine / Climber,Pink
335,,,,Vine / Climber,Pink
336,,,,Vine / Climber,Yellow
337,,,,Herb,White
338,,,,Shrub / Small Tree,Red
339,,,,Herb,Yellow
340,,,,Herb,Red
341,,,,Herb,White
342,,,,Herb,Yellow
343,,,,Herb,Rose
344,,,,Herb,Pink
345,,,,Herb,Yellow
346,,,,Herb,Yellow
347,,,,Herb,White
348,,,,Herb,White
349,,,,Herb,White
350,,,,Vine / Climber,Rose
351,,,,Vine / Climber,Magenta
352,,,,Vine / Climber,Magenta
353,,,,Vine / Climber,White
354,,,,Shrub,Lavender
355,,,,Herb,White
356,,,,Herb,Blue
357,,,,Herb,Orange
358,,,,Herb,Pink
359,,,,Herb,Magenta
360,,,,Herb,Magenta
361,,,,Herb,Pink
362,,,,Herb,Red
363,,,,Herb,Pink
364,,,,Vine / Climber,Red
365,,,,Herb,White
366,,,,Shrub / Small Tree,White
367,,,,Shrub / Small Tree,White
368,,,,Shrub,White
369,,,,Vine / Climber,Magenta
370,,,,Vine / Climber,Red
371,,,,Shrub,Red
372,,,,Vine / Climber,Orange
373,,,,Herb,Magenta
374,,,,Herb,Magenta
375,,,,Herb,Red
376,,,,Herb,Magenta
377,,,,Herb,Pink
378a,,,,Herb,Pink
378b,,,,Herb,Pink
379,,,,Herb,Lavender
380,,,,Herb,Purple
381,,,,Herb,Magenta
382,,,,Herb,Magenta
383,,,,Herb,Purple
384a,,,,Herb,Magenta
384b,,,,Herb,Purple
385,,,,Herb,Red
386,,,,Herb,Red
387,,,,Herb,White
388,,,,Herb,White
389,,,,Herb,Yellow
390,,,,Herb,White
391,,,,Herb,Orange
392,,,,Herb,Lavender
393,,,,Herb,Red
394,,,,Herb,White
395,,,,Tree,Orange
396,,,,Shrub / Small Tree,Yellow
397,,,,Herb,Golden Yellow
398,,,,Herb,Golden Yellow
399,,,,Herb,Golden Yellow
400,,,,Herb,Orange
401,,,,Herb,Orange
402,,,,Herb,Golden Yellow
403,,,,Shrub,Magenta
404,,,,Shrub,White
405,,,,Herb,Purple
406,,,,Herb,Maroon
407,,,,Herb,Maroon
408,,,,Shrub,White
409,,,,Herb,Lavender
410,,,,Herb,Red
411,,,,Herb,Red
412,,,,Herb,Green
413,,,,Herb,Yellow
414,,,,Herb,Maroon
415,,,,Herb,Red
416,,,,Herb,Red
417,,,,Tree,Orange
418,,,,Shrub,Lavender
419,,,,Vine / Climber,White
420,,,,Shrub / Small Tree,Golden Yellow
421,,,,Vine / Climber,Golden Yellow
422,,,,Shrub / Small Tree,White
423,,,,Herb,Magenta
424,,,,Shrub,Purple
425,,,,Herb,White
426,,,,Herb,Yellow
427,,,,Herb,Rose
428,,,,Herb,Yellow
429,,,,Herb,Magenta
430,,,,Herb,Red
431,,,,Herb,White
432a,,,,Herb,Orange
432b,,,,Herb,Yellow
433,,,,Herb,Rose
434,,,,Herb,Golden Yellow
435,,,,Herb,Orange
436,,,,Herb,Pink
437,,,,Herb,White
438,,,,Vine / Climber,Orange
439,,,,Tree,Golden Yellow
440,,,,Herb,Maroon
441,,,,Shrub,Orange
442,,,,Vine / Climber,Pink
443,,,,Herb,Green
444,,,,Herb,White
445,,,,Herb,Orange
446,,,,Herb,Orange
447,,,,Herb,Pink
448,,,,Herb,White
449,,,,Herb,Purple
450,,,,Tree,Yellow
451,,,,Small Tree,Yellow
452,,,,Small Tree,Yellow
453,,,,Shrub / Small Tree,Yellow
454,,,,Tree,Yellow
455,,,,Tree,Rose
456,,,,Shrub / Small Tree,Pink
457,,,,Shrub / Small Tree,White
458,,,,Shrub / Small Tree,Red
459,,,,Tree,Yellow
460,,,,Vine / Climber,Maroon
461,,,,Vine / Climber,Maroon
462,,,,Herb,Rose
463,,,,Herb,White
464,,,,Herb,Golden Yellow
465,,,,Herb,Golden Yellow
466,,,,Herb,Golden Yellow
467,,,,Herb,Golden Yellow
468,,,,Tree,Red
469,,,,Herb,Yellow
470,,,,Shrub,White
471,,,,Shrub,Pink
472,,,,Shrub,White
473,,,,Shrub,Pink
474,,,,Shrub,Rose
475,,,,Shrub,Red
476,,,,Herb,White
477,,,,Vine / Climber,Golden Yellow
478,,,,Vine / Climber,Golden Yellow
479,,,,Herb,White
480,,,,Herb,White
481,,,,Shrub / Small Tree,White
482,,,,Herb,Orange
483,,,,Herb,Pink
484,,,,Herb,Yellow
485,,,,Herb,Orange
486,,,,Herb,Orange
487,,,,Herb,Red
488,,,,Herb,Red
489,,,,Herb,White
490,,,,Herb,White
491,,,,Herb,Orange
492,,,,Herb,White
493,,,,Small Tree,White
494,,,,Tree,Red
495a,,,,Tree,Green
495b,,,,Tree,White
496,,,,Vine / Climber,Yellow
497,,,,Vine / Climber,Rose
498,,,,Vine / Climber,Yellow
499,,,,Shrub,Golden Yellow
500,,,,Tree,White
501,,,,Herb,White
502,,,,Herb,Red
503,,,,Herb,Magenta
504,,,,Herb,Red
505,,,,Herb,Magenta
506,,,,Herb,Magenta
507,,,,Herb,Rose
508,,,,Herb,White
509,,,,Herb,Red
510,,,,Herb,Yellow
511,,,,Herb,Yellow
512,,,,Shrub / Small Tree,Red
513,,,,Shrub / Small Tree,Rose
514,,,,Herb,Purple
515,,,,Herb,Blue Violet
516,,,,Herb,Yellow
517,,,,Herb,White
518,,,,Herb,Pink
519,,,,Herb,White
520,,,,Small Tree,Pink
521,,,,Small Tree,White
522,,,,Vine / Climber,Magenta
523,,,,Vine / Climber,Magenta
524,,,,Vine / Climber,Blue Violet
525,,,,Shrub,Orange
526,,,,Herb,Magenta
527,,,,Vine / Climber,Purple
528,,,,Vine / Climber,Purple
529,,,,Vine / Climber,Lavender
530,,,,Shrub / Small Tree,Lavender
531,,,,Shrub,White
532,,,,Small Tree,Pink
533,,,,Herb,Mauve
534,,,,Herb,White
535,,,,Herb,White
536,,,,Shrub / Small Tree,Lavender
537,,,,Shrub,Magenta
538,,,,Shrub / Small Tree,White
539,,,,Small Tree,Yellow
540,,,,Herb,Blue Violet
541,,,,Herb,White
542,,,,Herb,Red
543,,,,Herb,Rose
544,,,,Herb,Rose
545,,,,Herb,Orange
546,,,,Herb,Magenta
547,,,,Herb,Magenta
548,,,,Aquatic,Pink
549,,,,Aquatic,Purple
550,,,,Aquatic,Lavender
551a,,,,Aquatic,Pink
551b,,,,Aquatic,Rose
552,,,,Aquatic,Purple
553,,,,Aquatic,Rose
554,,,,Aquatic,Magenta
555,,,,Aquatic,Golden Yellow
556,,,,Aquatic,White
557,,,,Shrub,Yellow
558,,,,Tree,Red
559,,,,Tree,Orange
560,,,,Succulent,Yellow
561,,,,Succulent,Yellow
562,,,,Succulent,Pink
563,,,,Succulent,White
564,,,,Shrub,Golden Yellow
565,,,,Shrub,Yellow
566,,,,Shrub / Small Tree,Pink
567,,,,Shrub,Pink
568,,,,Shrub,Rose
569,,,,Shrub,Golden Yellow
570,,,,Shrub,Orange
571,,,,Shrub,Orange
572,,,,Shrub,Orange
573,,,,Shrub,Golden Yellow
574,,,,Shrub,Pink
575,,,,Shrub,Orange
576,,,,Shrub,Orange
577,,,,Shrub,Orange
578,,,,Shrub,Golden Yellow
579,,,,Shrub / Small Tree,Pink
580,,,,Shrub,Orange
581,,,,Shrub,White
582,,,,Shrub,Rose
583,,,,Shrub,Rose
584,,,,Shrub,Rose
585,,,,Shrub,Orange
586,,,,Shrub,Golden Yellow
587,,,,Shrub,Golden Yellow
588,,,,Shrub,Orange
589,,,,Shrub,Golden Yellow
590,,,,Shrub,Rose
591,,,,Shrub,Golden Yellow
592,,,,Shrub,Red
593,,,,Shrub,Rose
594,,,,Shrub,White
595,,,,Shrub,White
596,,,,Shrub,Red
597,,,,Shrub,Rose
598,,,,Shrub,Pink
599,,,,Shrub,Red
600,,,,Shrub,Rose
601,,,,Shrub,Golden Yellow
602,,,,Shrub,Yellow
603,,,,Shrub,Pink
604,,,,Shrub,White
605,,,,Shrub,Golden Yellow
606,,,,Shrub,White
607,,,,Shrub,Yellow
608,,,,Shrub,Yellow
609,,,,Shrub,Pink
610,,,,Shrub,Red
611,,,,Shrub,Mauve
612,,,,Shrub,Red
613,,,,Shrub,Mauve
614,,,,Shrub,Red
615,,,,Shrub,Rose
616,,,,Shrub,White
617,,,,Shrub,White
618,,,,Shrub,Red
619,,,,Shrub,Red
620,,,,Shrub,Orange
621,,,,Herb,Orange
622,,,,Herb,Orange
623,,,,Herb,Orange
624,,,,Herb,Golden Yellow
625,,,,Herb,Pink
626,,,,Herb,Red
627,,,,Herb,Orange
628,,,,Herb,Orange
629,,,,Herb,Yellow
630,,,,Herb,Golden Yellow
631,,,,Herb,Orange
632,,,,Herb,White
633,,,,Vine / Climber,Golden Yellow
634,,,,Tree,White
635,,,,Herb,Orange
636,,,,Tree,Orange
637,,,,Herb,Orange
638,,,,Herb,Golden Yellow
639,,,,Small Tree,Golden Yellow
640,,,,Tree,Yellow
641,,,,Tree,White
642,,,,Vine / Climber,Orange
643,,,,Herb,Orange
644,,,,Tree,White
645,,,,Herb,Lavender
646,,,,Herb,White
647,,,,Herb,Red
648,,,,Tree,White
649,,,,Tree,White
650,,,,Herb,Mauve
651,,,,Herb,White
652,,,,Vine / Climber,Pink
653,,,,Herb,White
654,,,,Herb,Pink
655,,,,Succulent,White
656,,,,Succulent,White
657,,,,Small Tree,Yellow
658,,,,Tree,Pink
659,,,,Vine / Climber,White
660,,,,Small Tree,White
661,,,,Shrub,Pink
662,,,,Shrub,Golden Yellow
663,,,,Shrub,Red
664,,,,Small Tree,Yellow
665,,,,Small Tree,Rose
666,,,,Small Tree,Rose
667,,,,Small Tree,White
668,,,,Small Tree,White
669,,,,Vine / Climber,White
670,,,,Tree,Golden Yellow
671,,,,Shrub / Small Tree,Yellow
672,,,,Shrub / Small Tree,White
673,,,,Vine / Climber,Yellow
674,,,,Vine / Climber,Green
675,,,,Shrub / Small Tree,Golden Yellow
676,,,,Herb,Yellow
677,,,,Herb,White
678,,,,Shrub,Blue
679,,,,Shrub,Lavender
680,,,,Shrub / Small Tree,Golden Yellow
681,,,,Shrub / Small Tree,Yellow
682,,,,Vine / Climber,White
683,,,,Herb,Yellow
684,,,,Tree,White
685a,,,,Herb,Lavender
685b,,,,Herb,Lavender
686,,,,Shrub,Golden Yellow
687,,,,Herb,Yellow
688,,,,Herb,Orange
689,,,,Shrub / Small Tree,Orange
690,,,,Tree,Orange
691,,,,Vine / Climber,Yellow
692,,,,Herb,Yellow
693,,,,Shrub,Rose
694,,,,Vine / Climber,Yellow
695,,,,Shrub,Yellow
696,,,,Herb,Golden Yellow
697,,,,Herb,Yellow
698,,,,Shrub,White
699,,,,Shrub,White
700,,,,Shrub,White
701,,,,Shrub / Small Tree,White
702,,,,Herb,Yellow
703,,,,Herb,Golden Yellow
704,,,,Tree,Yellow
705,,,,Shrub / Small Tree,Golden Yellow
706,,,,Shrub,Yellow
707,,,,Shrub / Small Tree,Golden Yellow
708,,,,Shrub,Orange
709,,,,Shrub,Golden Yellow
710,,,,Shrub,Orange
711,,,,Tree,White
712,,,,Tree,Golden Yellow
713,,,,Shrub,Yellow
714,,,,Shrub,Golden Yellow
715,,,,Shrub,Golden Yellow
716,,,,Shrub,Golden Yellow
717,,,,Shrub,Golden Yellow
718,,,,Shrub / Small Tree,White
719,,,,Herb,Golden Yellow
720,,,,Small Tree,Yellow
721,,,,Vine / Climber,Magenta
722,,,,Herb,Yellow
723,,,,Herb,White
724,,,,Shrub,Pink
725,,,,Shrub,Pink
726,,,,Shrub,White
727,,,,Shrub,White
728,,,,Shrub,White
729,,,,Shrub,Pink
730,,,,Shrub,Pink
731,,,,Herb,White
732,,,,Vine / Climber,Magenta
733,,,,Shrub,Purple
734,,,,Tree,Magenta
735,,,,Herb,Blue Violet
736,,,,Herb,Purple
737,,,,Herb,Purple
738,,,,Herb,Magenta
739,,,,Herb,Lavender
740,,,,Herb,Magenta
741,,,,Small Tree,White
742,,,,Small Tree,Magenta
743,,,,Small Tree,Pink
744,,,,Shrub / Small Tree,White
745,,,,Herb,Purple
746,,,,Shrub,Purple
747,,,,Shrub,White
748,,,,Vine / Climber,White
749,,,,Herb,Pink
750,,,,Herb,Pink
751,,,,Herb,Purple
752,,,,Herb,Orange
753,,,,Herb,Red
754,,,,Herb,White
755,,,,Herb,Purple
756,,,,Herb,Orange
757,,,,Shrub,Purple
758,,,,Shrub,Red
759,,,,Shrub,Magenta
760,,,,Herb,Rose
761,,,,Shrub,Red
762,,,,Herb,Orange
763,,,,Herb,Mauve
764,,,,Tree,Golden Yellow
765,,,,Tree,Lavender
766,,,,Shrub,Purple
767,,,,Shrub / Small Tree,Lavender
768,,,,Vine / Climber,Pink
769,,,,Herb,Lavender
770,,,,Vine / Climber,White
771,,,,Vine / Climber,Purple
772,,,,Vine / Climber,White
773,,,,Shrub,Lavender
774,,,,Tree,Rose
775,,,,Vine / Climber,White
776,,,,Vine / Climber,Golden Yellow
777,,,,Vine / Climber,Red
778,,,,Herb,Red
779,,,,Herb,Pink
780,,,,Herb,Magenta
781,,,,Herb,Pink
782,,,,Herb,White
783,,,,Shrub,White
784,,,,Tree,Pink
785,,,,Tree,White
786,,,,Vine / Climber,Yellow
787,,,,Herb,Lavender
788,,,,Shrub,Orange
789,,,,Herb,Pink
790,,,,Herb,Pink
791,,,,Herb,Red
792,,,,Herb,Yellow
793,,,,Herb,Pink
794,,,,Herb,Magenta
795,,,,Tree,Orange
796,,,,Shrub,Red
797,,,,Herb,Purple
798,,,,Succulent,Yellow
799,,,,Herb,Orange
800,,,,Shrub,Red
801,,,,Shrub,Red
802,,,,Vine / Climber,Orange
803,,,,Vine / Climber,Red
804,,,,Shrub / Small Tree,White
805,,,,Tree,White
806,,,,Shrub,White
807,,,,Herb,Yellow
808,,,,Herb,Yellow
809,,,,Herb,White
810,,,,Small Tree,White
811,,,,Shrub,White
812,,,,Shrub / Small Tree,White
813,,,,Shrub,Yellow
814,,,,Shrub,White
815,,,,Shrub,Lavender
816,,,,Shrub,Pink
817,,,,Shrub / Small Tree,White
818,,,,Herb,Rose
819,,,,Herb,White
820,,,,Herb,Red
821,,,,Herb,Yellow
822,,,,Herb,Rose
823,,,,Herb,White
824,,,,Herb,Golden Yellow
825,,,,Small Tree,White
826,,,,Shrub / Small Tree,Rose
827,,,,Tree,Golden Yellow
828,,,,Herb,Magenta
829,,,,Vine / Climber,Purple
830,,,,Shrub,Purple
831,,,,Succulent,Orange
832,,,,Shrub,Orange
833,,,,Shrub,White
834,,,,Shrub,Red
835,,,,Succulent,Orange
836,,,,Shrub,Orange
837,,,,Shrub,Golden Yellow
838,,,,Shrub,Orange
839,,,,Shrub,White
840,,,,Shrub,White
841,,,,Tree,Maroon
842,,,,Vine / Climber,Magenta
843,,,,Shrub,Pink
844,,,,Herb,Orange
845,,,,Herb,Pink
846,,,,Tree,Golden Yellow
847,,,,Tree,Green
848,,,,Herb,White
849,,,,Herb,Purple
850,,,,Shrub / Small Tree,Red
851,,,,Shrub,Orange
852,,,,Vine / Climber,Red
853,,,,Shrub / Small Tree,Pink
854,,,,Vine / Climber,Yellow
855,,,,Tree,Yellow
856,,,,Herb,Yellow
857,,,,Small Tree,White
858,,,,Herb,Pink
859,,,,Herb,Orange
860,,,,Vine / Climber,White
861,,,,Succulent,Green
862,,,,Tree,Pink
863,,,,Small Tree,Yellow
864,,,,Herb,Orange
865,,,,Herb,Purple
866,,,,Herb,Yellow
867,,,,Shrub / Small Tree,Red
868,,,,Shrub / Small Tree,Green
869,,,,Tree,White
870,,,,Tree,Red
871,,,,Tree,Orange
872,,,,Shrub,Red
873,,,,Shrub / Small Tree,Orange
874,,,,Tree,Yellow
875,,,,Shrub / Small Tree,Red
876,,,,Shrub,Yellow
877,,,,Herb,White
878,,,,Shrub / Small Tree,Green
879,,,,Shrub,White
880,,,,Vine / Climber,White
881,,,,Shrub,Green
882,,,,Shrub,Orange
883,,,,Vine / Climber,White
884,,,,Vine / Climber,Purple
885,,,,Vine / Climber,Purple
886,,,,Herb,Purple
887,,,,Vine / Climber,Lavender
888,,,,Herb,Lavender
889,,,,Vine / Climber,Blue Violet
890,,,,Herb,Lavender
891,,,,Herb,Purple
892,,,,Shrub,Yellow
893,,,,Herb,Purple
894,,,,Aquatic,Lavender
895,,,,Herb,White
896,,,,Herb,Purple
897,,,,Herb,White
898,,,,Shrub,Blue
