flower_id,mother_name,Hindi Primary Name,Hindi Primary Transliteration,Hindi Alternate Name 1,Hindi Alternate Name 1 Transliteration,Telugu Primary Name,Telugu Primary Transliteration,Telugu Alternate Name 1,Telugu Alternate Name 1 Transliteration,Tamil Primary Name,Tamil Primary Transliteration,Tamil Alternate Name 1,Tamil Alternate Name 1 Transliteration,Kannada Primary Name,Kannada Primary Transliteration,Kannada Alternate Name 1,Kannada Alternate Name 1 Transliteration,Malayalam Primary Name,Malayalam Primary Transliteration,Malayalam Alternate Name 1,Malayalam Alternate Name 1 Transliteration,Marathi Primary Name,Marathi Primary Transliteration,Marathi Alternate Name 1,Marathi Alternate Name 1 Transliteration,Gujarati Primary Name,Gujarati Primary Transliteration,Gujarati Alternate Name 1,Gujarati Alternate Name 1 Transliteration,Bengali Primary Name,Bengali Primary Transliteration,Bengali Alternate Name 1,Bengali Alternate Name 1 Transliteration,Odia Primary Name,Odia Primary Transliteration,Odia Alternate Name 1,Odia Alternate Name 1 Transliteration,botanical_name,english_common_name,french_common_name
001,Aditi - the divine consciousness,कमल,Kamal,सफ़ेद कमल,Safed Kamal,తామర,Tamara,తెల్ల తామర,Tella Tamara,தாமரை,Thamarai,வெண் தாமரை,Ven Thamarai,ತಾವರೆ,Thavare,ಬೆಳ್ಳಾವರೆ,Bellavare,താമര,Thamara,ചെന്താമര,Chenthamara,कमळ,Kamal,पांढरे कमळ,Pandhre Kamal,કમળ,Kamal,સફેદ કમળ,Safed Kamal,পদ্ম,Padma,সাদা পদ্ম,Shada Padma,ପଦ୍ମ,Padma,ଧଳା ପଦ୍ମ,Dhala Padma,Nelumbo nucifera Gaertn. 'Alba',Sacred lotus; East Indian lotus,Lotus sacré; Lotus des Indes
002,Avatar - the supreme manifest on earth in a body,लाल कमल,Lal Kamal,कमल,Kamal,ఎర్ర తామర,Erra Tamara,తామర,Tamara,செந்தாமரை,Chenthamarai,தாமரை,Thamarai,ಕೆಂಪು ತಾವರೆ,Kempu Thavare,ತಾವರೆ,Thavare,ചെന്താമര,Chenthamara,താമര,Thamara,लाल कमळ,Lal Kamal,कमळ,Kamal,લાલ કમળ,Lal Kamal,કમળ,Kamal,রক্তপদ্ম,Raktapadma,পদ্ম,Padma,ରକ୍ତ ପଦ୍ମ,Rakta Padma,ପଦ୍ମ,Padma,Nelumbo nucifera Gaertn.,Red lotus; Pink lotus; Sacred lotus,Lotus rouge; Lotus sacré
140,Devotion,तुलसी,Tulsi,वृन्दा,Vrinda,తులసి,Tulasi,కృష్ణ తులసి,Krishna Tulasi,துளசி,Thulasi,கருந்துளசி,Karunthulasi,ತುಳಸಿ,Tulasi,ಶ್ರೀ ತುಳಸಿ,Sri Tulasi,തുളസി,Thulasi,കൃഷ്ണതുളസി,Krishnathulasi,तुळशी,Tulshi,कृष्ण तुळशी,Krishna Tulshi,તુલસી,Tulsi,કૃષ્ણ તુલસી,Krishna Tulsi,তুলসী,Tulsi,কৃষ্ণ তুলসী,Krishna Tulsi,ତୁଳସୀ,Tulasi,କୃଷ୍ଣ ତୁଳସୀ,Krishna Tulasi,Ocimum tenuiflorum L. [0. sanctum L.],Holy basil; Sacred basil; Tulsi,Basilic sacré; Tulsi
610,Dynamic power,गुड़हल,Gurhal,जबा,Jaba,మందారము,Mandaramu,దాసాని,Dasani,செம்பருத்தி,Sembaruthi,சிவப்பு செம்பருத்தி,Sivappu Sembaruthi,ದಾಸವಾಳ,Dasavala,ಕೆಂಪು ದಾಸವಾಳ,Kempu Dasavala,ചെമ്പരത്തി,Chemparathi,ചുവന്ന ചെമ്പരത്തി,Chuvanna Chemparathi,जास्वंद,Jaswand,लाल जास्वंद,Lal Jaswand,જાસૂદ,Jasud,લાલ જાસૂદ,Lal Jasud,জবা,Jaba,রক্ত জবা,Rakta Jaba,ମନ୍ଦାର,Mandara,ନାଲି ମନ୍ଦାର,Nali Mandara,Hibiscus rosa-sinensis L.,Chinese hibiscus; Tropical hibiscus; Red hibiscus,Rose de Chine; Hibiscus
302,Purity,मोगरा,Mogra,चमेली,Chameli,మల్లె,Malle,జాజి,Jaji,மல்லிகை,Malligai,சாதிமல்லி,Jathimalli,ಮಲ್ಲಿಗೆ,Mallige,ಇರುವಂತಿಗೆ,Irvantige,മുല്ല,Mulla,പിച്ചകം,Pichakam,मोगरा,Mogra,बटमोगरा,Batmogra,મોગરો,Mogro,ચમેલી,Chameli,বেলী,Beli,জুঁই,Jui,ମଲ୍ଲୀ,Malli,ଜୁହି,Juhi,Jasminum L. spp.,Jasmine,Jasmin d'Arabie; Jasmin
333,Without grief,अशोक,Ashok,सीता अशोक,Sita Ashok,అశోక,Asoka,సీతా అశోక,Sita Asoka,அசோகம்,Asogam,சீதா அசோகம்,Sita Asogam,ಅಶೋಕ,Ashoka,ಅಸೋಗ,Asoga,അശോകം,Asokam,സീതാ അശോകം,Sita Asokam,अशोक,Ashok,सीता अशोक,Sita Ashok,અશોક,Ashok,સીતા અશોક,Sita Ashok,অশোক,Asok,সীতা অশোক,Sita Asok,ଅଶୋକ,Asoka,ସୀତା ଅଶୋକ,Sita Asoka,Saraca indica L.,Asoka; Sorrowless tree,Arbre d'Ashoka; Saraca
118,Aspiration,हरसिंगार,Harsingar,पारिजात,Parijat,పారిజాతము,Parijatamu,కల్పవృక్షము,Kalpavrikshamu,பவளமல்லி,Pavalamalli,பாரிஜாதம்,Parijatham,ಪಾರಿಜಾತ,Parijata,ಹರಸಿಂಗಾರ,Harsingara,പവഴമല്ലി,Pavazhamalli,പാരിജാതം,Parijatham,पारिजात,Parijat,प्राजक्त,Prajakt,પારીજાત,Parijat,હરસિંગાર,Harsingar,শিউলি,Shiuli,પારিজাত,Parijat,ଗଙ୍ଗଶିଉଳି,Ganga Shiuli,ପାରିଜାତ,Parijata,Nyctanthes arbor-tristis L.,Night-flowering jasmine; Coral jasmine,Jasmin de nuit; Arbre triste
013,Divine smile,चंपा,Champa,सफ़ेद चंपा,Safed Champa,సంపంగి,Sampangi,తెల్ల సంపంగి,Tella Sampangi,செண்பகம்,Shenbagam,வெள்ளை செண்பகம்,Vellai Shenbagam,ಸಂಪಿಗೆ,Sampige,ಬಿಳಿ ಸಂಪಿಗೆ,Bili Sampige,ചെമ്പകം,Chempakam,വെള്ളച്ചെമ്പകം,Vellachempakam,सोनचाफा,Sonchafa,चाफा,Chafa,પીળો ચામ્પો,Pilo Champo,ચામ્પો,Champo,স্বর্ণচাঁপা,Swarnachampa,চাঁপা,Champa,ସ୍ୱର୍ଣ୍ଣଚମ୍ପା,Swarnachampa,ଚମ୍ପା,Champa,Michelia alba DeCondolle.,Fragrant champaca,Champac; Michelia
641,Supramental sun,कदंब,Kadamb,कदम,Kadam,కదంబము,Kadambamu,కదంబ,Kadamba,கடம்பு,Kadambu,வெண்கடம்பு,Ven Kadambu,ಕದಂಬ,Kadamba,ಕದಂಬ ಮರ,Kadamba Mara,കടമ്പ്,Kadambu,മരക്കടമ്പ്,Marakkadambu,कळंब,Kalamb,कदंब,Kadamb,કદંબ,Kadamb,કદંબ વૃક્ષ,Kadamb Vriksh,কদম,Kadam,কদম ফুল,Kadam Phool,କଦମ୍ବ,Kadamba,କଦମ୍ବ ଫୁଲ,Kadamba Phula,Anthocephalus cadamba (Roxb.) Miq.,Kadam; Burflower-tree,Kadamba; Arbre de Kadam
139,Devotional attitude,बेल,Bel,बिल्व,Bilva,మారేడు,Maredu,బిల్వము,Bilvamu,வில்வம்,Vilvam,கூவளம்,Koovalam,ಬಿಲ್ವ,Bilva,ಬೇಲ,Beala,കൂവളം,Koovalam,കൂവളമരം,Koovalamaram,बेल,Bel,बिल्व,Bilva,બીલી,Bili,બિલ્વ,Bilva,বেল,Bel,বিল্ব,Bilva,ବେଳ,Bela,ବିଲ୍ୱ,Bilva,Aegle marmelos (L.) Correa,Bael; Bengal quince,Bael; Cognassier du Bengale
649,Spiritual atmosphere,नीम,Neem,मार्गोज़ा,Margosa,వేప,Vepa,వేప చెట్టు,Vepa Chettu,வேம்பு,Vembu,வேப்ப மரம்,Veppa Maram,ಬೇವು,Bevu,ಒಳ್ಳೆ ಬೇವು,Olle Bevu,വേപ്പ്,Veepu,ആര്യവേപ്പ്,Aryaveepu,कडूुलिंब,Kadulimb,लिंब,Limb,લીમડો,Limdo,મોટો લીમડો,Motho Limdo,নিম,Neem,নিম গাছ,Neem Gachh,ନିମ୍ବ,Nimba,ନିମ୍ବ ଗଛ,Nimba Gachha,Azadirachta indica A. Juss.,Neem; Margosa,Margousier; Neem
007,Divine love,अनार,Anar,दाड़िम,Dadim,దానిమ్మ,Danimma,దాడిమ,Dadima,மாதுளை,Madhulai,மாதுளம்பழம்,Madhulambazham,ದಾಳಿಂಬೆ,Dalimbe,ದಾಳಿಂಬ,Dalimba,മാതളം,Mathalam,മാതളനാരകം,Mathalanarakam,डाळिंब,Dalimb,डाळिंबाचे झाड,Dalimbache Zhad,દાડમ,Dadam,દાડમડી,Dadamdi,ডালিম,Dalim,বেদানা,Bedana,ଦାଳିମ୍ବ,Dalimba,ଦାଳିମ୍ବ ଗଛ,Dalimba Gachha,Punica granatum L.,Pomegranate,Grenadier; Grenade
048,New creation,रजनीगंधा,Rajanigandha,गुल-इ-शब्बो,Gul-e-Shabbo,సంపంగి,Sampangi,రజనిగంధ,Rajanigandha,சம்பங்கி,Sampangi,நிலச்சம்பங்கி,Nilachampangi,ಸುಗಂಧರಾಜ,Sugandharaja,ಸುಗಂಧ ರಾಜ,Sugandha Raja,രജനീഗന്ധ,Rajaneegandha,രജനീഗന്ധപ്പൂവ്,Rajaneegandhappoovu,गुलछडी,Gulchhadi,रजनीगंधा,Rajnigandha,ગુલછડી,Gulchhadi,રજનીગંધા,Rajnigandha,রজনীগন্ধা,Rajanigandha,রজনীগন্ধা ফুল,Rajanigandha Phool,ରଜନୀଗନ୍ଧା,Rajanigandha,ରଜନୀଗନ୍ଧା ଫୁଲ,Rajanigandha Phula,Polianthes tuberosa L.,Tuberose,Tubéreuse
494,Realisation,गुलमोहर,Gulmohar,राजगोखुर,Rajgokhur,ఎర్ర తురాయి,Erra Turayi,సువర్ణ తురాయి,Suvarna Turayi,செம்மயிற்கொன்றை,Semmayirkondrai,குல்மோஹர்,Gulmohar,ಗುಲ್ಮೊಹರ್,Gulmohar,ಕೆಂಪು ತುರಾಯಿ,Kempu Turayi,കാട്ടുതീ,Kaattuthee,ഗുൽമോഹർ,Gulmohar,गुलमोहर,Gulmohar,राजगोखुर,Rajgokhur,ગુલમોહર,Gulmohar,રાજગોખર,Rajgokhar,কৃষ্ণচূড়া,Krishnachura,গুলমোহর,Gulmohar,କୃଷ୍ଣଚୂଡ଼ା,Krishnachuda,ଗୁଲମୋହର,Gulmohar,Delonix regia (Bojer) Raf.,Royal poinciana; Flamboyant,Flamboyant; Flamboyant rouge
397,Plasticity,गेंदा,Genda,गेंदा फूल,Genda Phool,బంతి పువ్వు,Banti Puvvu,బంతి,Banti,சாமந்தி,Samandhi,துருக்க சாமந்தி,Thurukka Samandhi,ಚಂಡುಹೂವು,Chenduhuavu,ಚಂಡು ಹೂ,Chendu Hoo,ചെണ്ടുമല്ലി,Chendumalli,ജമന്തി,Jamanthi,झेंडू,Zendu,पिवळा झेंडू,Pivla Zendu,ગલગોટો,Galgoto,પીળો ગલગોટો,Pilo Galgoto,গাঁদা,Ganda,হলুদ গাঁদা,Holud Ganda,ଗେଣ୍ଡୁ,Gendu,ହଳଦିଆ ଗେଣ୍ଡୁ,Haladia Gendu,Tagetes L. spp.,Marigold,Œillet d'Inde; Rose d'Inde
087,Love for the divine,गुलाब,Gulab,गुल,Gul,గులాబీ,Gulabi,రోజా,Roja,ரோஜா,Roja,ரோஜாப்பூ,Rojappoo,ಗುಲಾಬಿ,Gulabi,ಗುಲಾಬಿ ಹೂ,Gulabi Hoo,റോസാപ്പൂവ്,Rosaappoovu,റോസ്,Rose,गुलाब,Gulab,लाल गुलाब,Lal Gulab,ગુલાબ,Gulab,લાલ ગુલાબ,Lal Gulab,গোলাপ,Golap,লাল গোলাপ,Lal Golap,ଗୋଲାପ,Golapa,ନାଲି ଗୋଲାପ,Nali Golapa,Rosa L.,Rose,Rosier; Rose
396,Energy turned towards the divine,मेंहदी,Mehendi,हीना,Heena,గోరింటాకు,Gorintaku,గోరింట,Gorinta,மருதாணி,Maruthani,மயிலாஞ்சி,Mayilanchi,ಗೋರಂಟಿ,Goranti,ಮದರಂಗಿ,Madarangi,മൈലാഞ്ചി,Mailanchi,മൈലാഞ്ചി ചെടി,Mailanchi Cheti,मेहंदी,Mehendi,हीना,Heena,મહેંદી,Mehendi,હીના,Heena,মেহেদী,Mehendi,মেহেন্দি,Mehendi,ମେହେନ୍ଦି,Mehendi,ମଞ୍ଜୁଆଟି,Manjuati,Lawsonia inermis L.,Mignonette tree; Henna,Henné
403,Courage,मदार,Madar,आक,Aak,జిల్లేడు,Jilledu,తెల్ల జిల్లేడు,Tella Jilledu,எருக்கு,Erukku,வெள்ளெருக்கு,Vellerukku,ಎಕ್ಕ,Ekke,ಬಿಳಿ ಎಕ್ಕ,Bili Ekke,എരിക്ക്,Erikku,വെള്ളെരിക്ക്,Vellerikku,रुई,Rui,मंदार,Mandar,આંકડો,Ankdo,સફેદ આંકડો,Safed Ankdo,আকন্দ,Akanda,সাদা আকন্দ,Shada Akanda,ଅରଖ,Arakha,ଧଳା ଅରଖ,Dhala Arakha,Calotropis gigantea (L.) Ait. f.,Crown flower; Giant milkweed,Faux kapokier; Arbre à soie
283,Progress,सदाबहार,Sadabahar,सदाफुली,Sadafuli,బిళ్ల గన్నేరు,Billa Ganneru,బిళ్ల పువ్వు,Billa Puvvu,நித்தியகல்யாணி,Nithyakalyani,சுடுகாட்டு மல்லிகை,Sudukaattu Malligai,ನಿತ್ಯಪುಷ್ಪ,Nityapushpa,ಕಾಸಿಕನಗಲೆ,Kasikanagale,ശവംനാറി,Shavamnaari,നിത്യകല്യാണി,Nithyakalyani,सदाफुली,Sadafuli,सदागुलाब,Sadagulab,બારમાસી,Barmasi,સદાફૂલી,Sadafuli,নয়নতারা,Nayan Tara,নয়ন তারা,Nayan Tara,ସଦାବିହାରୀ,Sadabihari,ନୟନତାରା,Nayanatara,Catharanthus roseus (L.) G. Don. [Vincarosea L],Madagascar periwinkle,Pervenche de Madagascar
024,Protection,कागज़ का फूल,Kagaz ka Phool,बोगनवेलिया,Bougainvillea,కాగితం పువ్వు,Kagitham Puvvu,బొగైన్విల్లా,Bougainvillea,காகிதப்பூ,Kagidappoo,போகன்வில்லா,Bougainvillea,ಕಾಗದದ ಹೂವು,Kagadada Huavu,ಬೊಗೈನ್ವಿಲ್ಲಾ,Bougainvillea,കടലാസുപൂവ്,Kadalassupoovu,ബോഗൻവില്ല,Bougainvillea,कागदी फूल,Kagadi Phool,बोगनवेल,Booganvel,બાગાનવેલ,Baganvel,બોગનવેલ,Boganvel,কাগজ ফুল,Kagoj Phool,বোগানভিলিয়া,Bougainvillea,କାଗଜ ଫୁଲ,Kagaja Phula,ବୋଗନଭିଲିଆ,Bougainvillea,Bougainvillea Comm. ex Juss.,Bougainvillea,Bougainvillée; Bougainvillier
078,Friendship with the divine,केला फूल,Kela Phool,सर्वजया,Sarvajaya,మేక మేత,Meka Meta,కామకక్షి,Kamakakshi,கல்வாழை,Kalvazhai,பூவாழை,Poovazhai,ಕಾಡುಬಾಳೆ,Kadubale,ಕಲಬಾಳೆ,Kalabale,കാട്ടുവാഴ,Kaattuvaazha,കാന്തവാഴ,Kanthavaazha,देवकेळ,Devkel,कर्दल,Kardal,દેવકેળ,Devkel,કરદળ,Kardal,সর্বজয়া,Sarvajaya,কলাবতী,Kalabati,ସର୍ବଜୟା,Sarvajaya,କଦଳୀବନ,Kadalibana,Canna indica L.,Indian shot; Canna lily,Balisier des Indes; Canna
438,No quarrels,कलिहारी,Kalihari,उलटचंडाल,Ulatchandal,నాగసేసము,Nagasesamu,అగ్నిశిఖ,Agnisikha,செங்காந்தள்,Sengandhal,காந்தள் பூ,Kandhal Poo,ಗೌರಿಹೂವು,Gaurihuavu,ಅಗ್ನಿಶಿಖೆ,Agnishikhe,മേത്തോന്നി,Metthonni,അഗ്നിശിഖ,Agnishikha,खड्यानाग,Khadyanag,कल्लावी,Kallavi,દૂધિયો વછનાગ,Dudhiyo Vachnag,અગ્નિશિખા,Agnishikha,উলটচণ্ডাল,Ulatchandal,অগ্নিশিখা,Agnishikha,ଅଗ୍ନିଶିଖା,Agnishikha,ଗର୍ଭନାଗ,Garbhanag,Gloriosa superba L.,Glory lily; Flame lily,Lys glorieux; Glorieuse
636,Beginning of the supramental realisation,ढाक,Dhak,पलाश,Palash,మోదుగ,Moduga,మోదుగు,Modugu,முருக்கு,Murukku,பலாசு,Palasu,ಮುತ್ತುಗ,Muthuga,ಪಲಾಶ,Palasha,പ്ലാശ്,Plaash,ചമത,Chamatha,पळस,Palas,केसुडा,Kesuda,ખાખરો,Khakhro,કેસુડો,Kesudo,পলাশ,Palash,পলাশ ফুল,Palash Phool,ପଳାଶ,Palasha,କେଂଶୁ,Kensu,Butea monosperma (Lam.) Taub. [B. frondosaRoxb. ex Willd.],Flame of the forest,Arbre à palas; Flamme de la forêt
244,Patience,मौलसिरी,Maulsari,बकुल,Bakul,పొగడ,Pogada,వకులము,Vakulamu,மகிழம்பூ,Magizhampoo,மகிழ்,Magizh,ರಂಜಲು,Ranjalu,ಪಗಡೆಮರ,Pagademara,ഇലഞ്ഞി,Ilanji,ഇലഞ്ഞിമരം,Ilanjimaram,बकुळ,Bakul,बकुळी,Bakuli,બોરસલ્લી,Borsalli,બકુળ,Bakul,বকুল,Bakul,বকুল ফুল,Bakul Phool,ବକୁଳ,Bakula,ବଉଳ,Baula,Mimusops elengi L.,Spanish cherry; Bullet wood,Bakul; Coing de la Chine
468,Solid steadfastness in the material consciousness,सेमल,Semal,शाल्मली,Shalmali,బూరుగు,Burugu,కంటి బూరుగు,Kanti Burugu,இலவம்,Ilavam,செவ்விலவம்,Sevvilavam,ಬುರುಗದ ಮರ,Burugada Mara,ಸಣ್ಣ ಬುರುಗ,Sanna Buruga,ഇലവ്,Ilavu,മുള്ളിലവ്,Mullilavu,सावर,Sawar,काटे-सावर,Kate-Sawar,સીમળો,Simlo,કાંટે સીમળો,Kante Simlo,শিমুল,Shimul,রক্ত ശিমুল,Rakta Shimul,ଶିମିଳି,Simili,ରକ୍ତ ଶିମିଳି,Rakta Simili,Bombax ceiba L.,Red silk-cotton tree,Kapokier rouge; Arbre à kapok
450,Mastery,गुलाब जामुन,Gulab Jamun,जामुन,Jamun,గులాబీ జామును,Gulabi Jamunu,నేరేడు,Neredu,நாவல்,Naval,நாவல் மரம்,Naval Maram,ಪನ್ನೇರಳೆ,Pannerale,ನೇರಳೆ,Nerale,റോസാപ്പഴം,Rosaappazham,ഞാവൽ,Njaval,गुलाब जांब,Gulab Jamb,जांभूळ,Jambhul,ગુલાબ જાંબુ,Gulab Jambu,જાંબુ,Jambu,গোলাপ জাম,Golap Jam,জাম,Jam,ଗୋଲାପ ଜାମୁ,Golapa Jamu,ଜାମୁ,Jamu,Syzygium jambos (L.) Alston.,Rose apple; Malabar plum,Jambosier; Pomme rose
081,Intimacy with the divine,जरुल,Jarul,सावनी,Sawani,సొగసు చెట్టు,Sogasu Chettu,వరుగుడు,Varugudu,பூமருது,Poomaruthu,கடுமை,Kadumai,ಹೊಳೆ ದಾಸವಾಳ,Hole Dasavala,ಮರುಳು ಸಿದ್ದಿ,Marulu Siddhi,മണിമരുതു്,Manimaruthu,പൂമരുതു്,Poomaruthu,तामण,Taman,जारूळ,Jarul,તામણ,Taman,મોટો તામણ,Moto Taman,জারুল,Jarul,বেগুনি জারুল,Beguni Jarul,ପାଟୁଳି,Patuli,ଜାରୁଳ,Jarula,Lagerstroemia indica L.,Queen's crape myrtle,Pervenche d'été; Lilas des Indes
018,Solace,गुलाबांस,Gulabans,कृष्णकली,Krishnakali,చంద్రకాంత,Chandrakanta,బద్రకాక్షి,Badrakakshi,அந்திமந்தாரை,Andhimandharai,பத்தராச்சி,Patharachi,ಸಂಜೆಮಲ್ಲಿಗೆ,Sanjemallige,ಸಂಜೆ ಹೂ,Sanje Hoo,അന്തിമന്ദാരം,Andhimandaram,നാലുമണിപ്പൂവ്,Nalumanippoovu,सायंकाळी,Sayankali,गुलबक्षी,Gulbakshi,ગુલબાસ,Gulbas,ગુલબક્ષી,Gulbakshi,সন্ধ্যামালতী,Sandhyamalati,কৃষ্ণকলি,Krishnakali,ରଙ୍ଗଣୀ,Rangani,ସନ୍ଧ୍ୟା ମାଳତୀ,Sandhya Malati,Mirabilis jalapa L.,Marvel of Peru; Four-o'clock,Belle-de-nuit
191,Tapasya,धतूरा,Dhatura,शिवप्रिय,Shivpriya,ఉమ్మేత్త,Ummettha,నల్ల ఉమ్మేత్త,Nalla Ummettha,ஊமத்தை,Oomatthai,கருஊமத்தை,Karoomatthai,ಉಮ್ಮತ್ತಿ,Ummatthi,ನcle ಉಮ್ಮತ್ತಿ,Nalla Ummatthi,ഉമ്മം,Ummam,കറുത്ത ഉമ്മം,Karutha Ummam,धोत्रा,Dhotra,काळा धोत्रा,Kala Dhotra,ધતુરો,Dhaturo,કાળો ધતુરો,Kalo Dhaturo,ধুতুরা,Dhutura,কালো ধুতুরা,Kalo Dhutura,ଦୁଦୁରା,Dudura,କଳା ଦୁଦୁରା,Kala Dudura,Datura L.,Thorn apple; Datura,Stramoine; Datura
394,Specialised detailed energy,गुलदाउदी,Guldaudi,सेवंती,Sevanti,చామంతి,Chamanti,చేమంతి,Chemanti,சாமந்தி,Samandhi,செவ்வந்தி,Sevvanthi,ಶಾವಂತಿಗೆ,Shavantige,ಸೇವಂತಿಗೆ,Sevantige,ജമന്തി,Jamanthi,മഞ്ഞ ജമന്തി,Manja Jamanthi,शेवंती,Shevanti,पिवळी शेवंती,Pivli Shevanti,ગુલદાઉદી,Guldaudi,સેવંતી,Sevanti,চন্দ্রমল্লিকা,Chandramallika,চন্দ্র মল্লিকা,Chandra Mallika,ସେବତୀ,Sebati,ଚନ୍ଦ୍ରମଲ୍ଲିକା,Chandramallika,Chrysanthemum L. spp.,Chrysanthemum,Chrysanthème
464,Consciousness turned towards the light,सूरजमुखी,Surajmukhi,सूर्यकांति,Suryakanti,పొద్దుతిరుగుడు,Podduthirugudu,ఆదిత్య భక్తి,Aditya Bhakti,சூரியகாந்தி,Sooriyagandhi,சூரியப்பூ,Sooriyappoo,ಸೂರ್ಯಕಾಂತಿ,Suryakanthi,ಸೂರ್ಯ ಹೂವು,Surya Huavu,സൂര്യകാന്തി,Sooryakanthi,സൂര്യപ്പൂവ്,Sooryappoovu,सूर्यफूल,Suryaphul,सूर्यकमळ,Suryakamal,સૂરજમુખી,Surajmukhi,સૂર્યમુખી,Suryamukhi,সূর্যমুখী,Suryamukhi,সূর্যমুখী ফুল,Suryamukhi Phool,ସୂର୍ଯ୍ୟମୁଖୀ,Suryamukhi,ସୂର୍ଯ୍ୟ ଫୁଲ,Surya Phula,Helianthus L. spp.,Sunflower,Tournesol; Grand soleil
014,Sri Aurobindo's compassion,नौबजी,Naubaji,नौ बजे,Nau Baje,తొమ్మిది గంటల పువ్వు,Tommidi Gantala Puvvu,వరాల పువ్వు,Varala Puvvu,பத்து மணிப்பூ,Pathu Manippoo,பருப்புக்கீரை பூ,Paruppukkeerai Poo,ಹತ್ತು ಗಂಟೆ ಹೂವು,Hattu Gante Huavu,ಸಂಜೆ ಗಂಟೆ,Sanje Gante,പത്തു മണിപ്പൂവ്,Pathu Manippoovu,സമയപ്പൂവ്,Samayappoovu,दुपारी,Dupari,रेशम फूल,Resham Phool,નવ વાગિયા,Nav Vagiya,દુપારી,Dupari,সময় ফুল,Samay Phool,দুপুরমণি,Dupurmoni,ଓଫିସ ଫୁଲ,Office Phula,ବଲମ ଫୁଲ,Balam Phula,Portulaca grandiflora Hook.,Rose moss; Moss-rose purslane,Chevalier-de-onze-heures; Pourpier
470,Light,रात की रानी,Raat ki Rani,,,రాత్రి రాణి,Ratri Rani,సంపంగి తీగ,Sampangi Teega,இரவு ராணி,Iravu Rani,இரவு மல்லி,Iravu Malli,ರಾತ್ರಿ ರಾಣಿ,Ratri Rani,ರಾತ್ರಿ ಮಲ್ಲಿಗೆ,Ratri Mallige,രാത്രിറാണി,Rathrirani,രാത്രി മുല്ല,Rathri Mulla,रात्राराणी,Ratrarani,रातराणी,Ratrani,રાત્રાણી,Ratrani,રાત્રિ રાણી,Ratri Rani,হাসনাহেনা,Hasnahena,রাত্রিরানী,Rattrani,ରାତିରାଣୀ,Ratirani,ରାତ୍ରିରାଣୀ,Ratrirani,Cestrum diurnum L. non Weston.,Night-blooming jasmine,Galant de nuit; Jasmin de nuit
126,Psychic aspiration,रुक्मिणी,Rukmini,रंगन,Rangan,రామబాణము,Ramabanamu,కథలి,Kathali,இட்லிப்பூ,Idlippoo,வெட்சி,Vetchi,ಕಿಸುಗರೆ,Kisugare,ಕಿಪ್ಲಿಂಗ,Kplinga,തെറ്റി,Thetti,ചെത്തി,Chethi,पिरंगी,Pirangi,पेणगूळ,Pendgul,રૂકમિણી,Rukmini,પેન્ડગુલ,Pendgul,রঙ্গন,Rangan,লাল রঙ্গন,Lal Rangan,ରଙ୍ଗଣୀ,Rangani,ରଙ୍ଗନ,Rangan,Ixora chinensis Lam.,Jungle geranium,Hortensia du Bengale; Ixora
005,Presence,चित्रक,Chitrak,सफ़ेद चित्रक,Safed Chitrak,చిత్రమూలము,Chitramoolamu,తెల్ల చిత్రమూలము,Tella Chitramoolamu,கொடிவேலி,Kodivelai,வெண் கொடிவேலி,Ven Kodivelai,ಚಿತ್ರಮೂಲ,Chitramoola,ಬಿಳಿ ಚಿತ್ರಮೂಲ,Bili Chitramoola,കൊടുവേലി,Koduveli,വെള്ളക്കൊടുവേലി,Vellakkoduveli,चित्रा,Chitra,पांढरा चित्रक,Pandhra Chitrak,ચિત્રક,Chitrak,સફેદ ચિત્રક,Safed Chitrak,সাদা চিতক,Shada Chitak,চিত্রক,Chitrak,ଧଳା ଚିତା,Dhala Chita,ଚିତ୍ରକ,Chitrak,Plumbago auriculata Lam. Alba',White leadwort,Dentelaire de Ceylan; Plumbago
644,Spiritual aspiration,देसी बदाम,Desi Badam,जंगली बदाम,Jangli Badam,బాదం,Badam,నాటు బాదం,Natu Badam,நாட்ட பாதாம்,Nattu Badam,பாதாம் மரம்,Badam Maram,ಕಾಡುಬಾದಾಮಿ,Kadubadami,ತಾರಿ ಮರ,Tari Mara,താനി,Thani,ബദാം,Badam,देशी बदाम,Deshi Badam,बदाम,Badam,દેશી બદામ,Deshi Badam,બદામ,Badam,দেশী বাদাম,Deshi Badam,বাদাম গাছ,Badam Gachh,ଦେଶୀ ବାଦାମ,Deshi Badam,ବାଦାମ,Badam,Terminalia catappa L.,Tropical almond; Indian almond,Badamier; Amandier des Indes
496,Victory,अलमंडा,Allamanda,पीली घंटी,Peeli Ghanti,పసుపు పచ్చ గంటలు,Pasupu Pachha Gantalu,అల్లమండ,Allamanda,மஞ்சள் அலரி,Manjal Alari,அல்லமண்டா,Allamanda,ಹಳದಿ ಗಂಟೆ,Haladi Gante,ಅಲ್ಲಮಂಡಾ,Allamanda,മഞ്ഞക്കൊന്ന,Manjakkonna,അല്ലമണ്ട,Allamanda,पिवळी घंटी,Pivli Ghanti,अल्लामंडा,Allamanda,પીળી ઘંટી,Pili Ghanti,અલ્લામંડા,Allamanda,হলুদ ঘণ্টা,Holud Ghanta,অ্যালকমান্ডা,Allamanda,ହଳଦିଆ ଘଣ୍ଟି,Haladia Ghanti,ଅଲାମଣ୍ଡା,Allamanda,Allamanda cathartics. L.,Common allamanda,Allamanda; Monette d'or
350,Harmony,अनंत लता,Anant Lata,मधुमालती भेद,Madhumalati Bhed,మధుర తీగ,Madhura Teega,ప్రేమ తీగ,Prema Teega,கொடி ரோஜா,Kodi Roja,அன்புக் கொடி,Anbu Kodi,ಪ್ರೀತಿಯ ಬಳ್ಳಿ,Preetiya Balli,ಮಧುರ ಬಳ್ಳಿ,Madhura Balli,സ്നേഹക്കൊടി,Snehakkodi,മധുരക്കൊടി,Madhurakkodi,मधु वेल,Madhu Vel,प्रेम वेल,Prem Vel,પ્રેમ વેલ,Prem Vel,મધુ વેલ,Madhu Vel,অনন্তলতা,Anantalota,প্রেমলতা,Premalota,ଅନନ୍ତଲତା,Anantalata,ପ୍ରେମଲତା,Premalata,Antigonon Endl. spp.,Coral vine,Liane d'amour; Antigonon
252,Power aspiring to become an instrument for the divine work,झुमका लता,Jhumka Lata,कृष्ण कमल,Krishna Kamal,కృష్ణ కమలము,Krishna Kamalamu,ఝుంకా తీగ,Jhumka Teega,பூனைக்காலி,Punaikkali,கிருஷ்ண கமலம்,Krishna Kamalam,ಕೃಷ್ಣಕಮಲ,Krishnakamala,ಝುಮ್ಕಾ ಬಳ್ಳಿ,Jhumka Balli,കൃഷ്ണകമലം,Krishnakamalam,പഞ്ചപാണ്ഡവപ്പൂവ്,Panchapandavappoovu,कृष्णकमळ,Krishnakamal,झुमका वेल,Jhumka Vel,કૃષ્ણકમળ,Krishnakamal,ઝૂમખા વેલ,Zumkha Vel,ঝুমকো লতা,Jhumko Lota,কৃষ্ণকমল,Krishnakamal,କୃଷ୍ଣକମଳ,Krishnakamala,ଝୁମୁକା ଲତା,Jhumuka Lata,Passiflora vitifolia HBK.,Passion flower,Passiflore; Fleur de la passion
505,Immortality,गुल-ए-मख़मल,Gul-e-makhmal,मखमली,Makhmali,గంగ శీరు పువ్వు,Ganga Seeru Puvvu,పెద్ద గంగ,Pedda Ganga,வாடாமல்லி,Vadamalli,வாடாமல்லிகை,Vadamalligai,ವಾಡಾಮಲ್ಲಿ,Vadamalli,ವಾಡಾಮಲ್ಲಿಗೆ,Vadamallige,വാടാമുല്ല,Vadamulla,വാടാമുല്ലപ്പൂവ്,Vadamullappoovu,जाफरी गुंडी,Jafari Gundi,गुंडीचा फूल,Gundicha Phool,ખાસી ગુંડી,Khasi Gundi,ગુંડીનું ફૂલ,Gundinu Phool,বোতাম ফুল,Botam Phool,বোতাম গাদা,Botam Gada,ଗୋଲାପି ଗୁଣ୍ଡି,Golapi Gundi,ଗୁଣ୍ଡି ଫୁଲ,Gundi Phula,Gomphrena globosa L.,Globe amaranth,Immortelle amarante; Gomphréna
003,Sachchidananda,दोलन चंपा,Dolan Champa,कपूर कचरी,Kapur Kachri,దులాల్ చంపా,Dulal Champa,కర్పూర పుష్పము,Karpura Pushpamu,சீமை அல்லி,Seemai Alli,இஞ்சி அல்லி,Inji Alli,ಸುರುಳಿ ಮಲ್ಲಿಗೆ,Suruli Mallige,ಸುಗಂಧ ಮೂಲ,Sugandha Moola,കല്യാണസൗഗന്ധികം,Kalyanasougandhikam,സൗഗന്ധികം,Sougandhikam,सोनेरी चाफा,Soneri Chafa,कपूर कचरी,Kapur Kachri,સોનેરી ચાંપો,Soneri Champo,કપૂર કચરી,Kapur Kachri,দোলনচাঁপা,Dolanchampa,দোলন চাঁপা,Dolan Champa,ଦୋଳନଚମ୍ପା,Dolanchampa,ଦୋଳନ ଚମ୍ପା,Dolan Champa,Hedychium J. G. Koenig.,Ginger lily,Hédychie; Gingembre papillon
203,Abolition of the ego,सफ़ैदा,Safeda,,,జాముయిల్,Jamuil,యుకలిప్టస్,Eucalyptus,தைல மரம்,Thaila Maram,யூகலிப்டஸ்,Eucalyptus,ನೀಲಗಿರಿ,Neelagiri,ಯುಕಾಲಿಪ್ಟಸ್,Eucalyptus,യൂക്കാലിപ്റ്റസ്,Eucalyptus,തൈലമരം,Thailamaram,निलगिरी,Nilgiri,यूकेलिप्टस,Eucalyptus,નીલગિરી,Nilgiri,યુકેલિપ્ટસ,Eucalyptus,ইউক্যালিপটাস,Eucalyptus,ইউক্যালিপটাস গাছ,Eucalyptus Gachh,ୟୁକାଲିପଟାସ,Eucalyptus,ୟୁକାଲିପଟାସ ଗଛ,Eucalyptus Gachha,Eucalyptus L'Herit. spp.,Eucalyptus; Gum tree,Eucalyptus
144,Seeking for support only in the divine,बैंगन,Baingan,भांटा,Bhanta,వంకాయ,Vankaya,గుత్తి వంకాయ,Gutti Vankaya,கத்தரிக்காய்,Katharikkay,கத்தரி பூ,Kathari Poo,ಬದನೆಕಾಯಿ,Badanekayi,ಬದನೆ,Badane,വഴുതന,Vazhuthana,വഴുതനങ്ങ,Vazhuthananga,वांगे,Vange,वांगी,Vangi,રીંગણ,Ringan,રીંગણા,Ringana,বেগুন,Begun,বেগুন গাছ,Begun Gachh,ବାଇଗଣ,Baigana,ବାଇଗଣ ଗଛ,Baigana Gachha,Solanum seaforthianum Andr.,Eggplant; Brinjal,Aubergine
204,Chastity,नींबू,Neebu,चकोतरा,Chakotara,నిమ్మ,Nimma,పంపరపనస,Pamparapanasa,எலுமிச்சை,Elumichai,பம்பளிமாஸ்,Pambalimass,ನಿಂಬೆ,Nimbe,ಲಿಂಬೆ,Limbe,ചെറുനാരകം,Cherunarakam,ബംബ്ലിനാരകം,Bamblinarakam,लिंबू,Limbu,पपनस,Papanas,લીંબુ,Limbu,મોસંબી,Mosambi,লেবু,Lebu,বাতাবি লেবু,Batabi Lebu,ଲେମ୍ବୁ,Lembu,କାଗଜି ଲେମ୍ବୁ,Kagaji Lembu,Citrus limon (L.) Burm. f.,Lemon; Lemon tree,Citronnier; Limettier
275,Help,लेमनग्रास,Lemongrass,गवती चाय,Gawati Chay,నిమ్మగడ్డి,Nimmagaddi,వాసనగడ్డి,Vasanagaddi,இஞ்சிப்புல்,Injippul,வாசனப்புல்,Vasanappul,ಮಜ್ಜಿಗೆ ಹುಲ್ಲು,Majjige Hullu,ನಿಂಬೆ ಹುಲ್ಲು,Nimbe Hullu,ഇഞ്ചിപ്പുല്ല്,Injippullu,വാസനപ്പുല്ല്,Vasanappullu,गवती चहा,Gavati Chaha,हिरवा चहा,Hirva Chaha,લીલી ચા,Lili Cha,લીંબુ ઘાસ,Limbu Ghas,লেমন ঘাস,Lemon Ghas,গন্ধ ঘাস,Gandha Ghas,ଧନ୍ୱନ୍ତରୀ ଘାସ,Dhanwantari Ghasa,ଲେମନ ଘାସ,Lemon Ghasa,Cymbopogon citratus (DC. ex Nees.) Stapf.,Lemongrass,Citronnelle; Herbe citron
012,Call of the divine grace,निसौथ,Nisoth,त्रि वृत्त,Trivrit,తెల్ల తెగడ,Tella Tegada,త్రివృత్,Trivrut,சிவProperty,Sivappu Tegada,திரிவிருத்தி,Thriviruthi,ಬಿಳಿ ತೇಗಡ,Bili Tegada,ತ್ರಿವೃತ,Thrivrutha,ത്രികോല്പക്കൊന്ന,Thrikolpakkonna,ത്രിവൃത്ത്,Thrivruthu,निसौथ,Nisoth,त्रि वृत्त,Trivrit,નિસૌથ,Nisoth,ત્રિવૃત,Trivrut,দুধ কলমী,Dudh Kalami,ত্রিভ্রিত,Tribhrit,ତ୍ରିବୃତ,Tribruta,ନିସୋଥ,Nisoth,Operculina turpethum (L.) Silva Manso.,Wooden rose,Turbith; Liane d'argent
036,Promise,कंगी,Kangi,झुमका,Jhumka,తుత్తిరి,Tuttiri,ముద్రబెండ,Mudrabenda,துத்தி,Thuthi,பணியாரத்துத்தி,Paniyarathturuthi,ತುತ್ತೂರಿ,Tuttoori,ಶ್ರೀಮುದ್ರೆ,Shrimudre,ഊരം,Ooram,കുറുന്തോട്ടി,Kurunthotti,कंगी,Kangi,पेटारी,Petari,કંગી,Kangi,અતિબલા,Atibala,পেটুম্বা,Petumba,ঝুমকা জবা,Jhumka Jaba,ପେଟାରୀ,Petari,ଅତିବଳା,Atibala,Abutilon Xhybridum hort.,Indian mallow,Abutilon; Mauve indienne
533,Refined taste,मोर हल्दी,Mor Haldi,,,నెమలి అల్లం,Nemali Allam,,,மயில் இஞ்சி,Mayil Inji,,,ನವಿಲು ಶುಂಟಿ,Navilu Shunti,,,മയിൽ ഇഞ്ചി,Mayil Inji,,,मोर आले,Mor Ale,,,મોર આદુ,Mor Aadu,,,ময়ূর আদা,Mayur Aada,,,ମୟୂର ଅଦା,Mayura Ada,,,Kaempferia pulchra Ridl.,Peacock ginger,Gingembre peacock; Kaempferia
534,Delicacy,धनिया,Dhaniya,कोठमीर,Kothmir,కొత్తిమీర,Kothimeera,ధనియాలు,Dhaniyalu,கொத்தமல்லி,Kothamalli,தனியா,Dhaniya,ಕೊತ್ತಂಬರಿ,Kothambari,ಧನಿಯಾ,Dhaniya,മല്ലി,Malli,കൊത്തമല്ലി,Kothamalli,कोथिंबीर,Kothimbir,धणे,Dhane,કોથમરી,Kothmari,ધાણા,Dhana,ধনে,Dhone,ধনে পাতা,Dhone Pata,ଧନିଆ,Dhania,ଧନିଆ ପତ୍ର,Dhania Patra,Coriandrum sativum L.,Coriander; Cilantro,Coriandre
406,Bravery,चौलाई,Chaulai,लाल साग,Lal Sag,తోటకూర,Thotakoora,ఎర్ర తోటకూర,Erra Thotakoora,கீரை பூ,Keerai Poo,சிவப்புக் கீரை,Sivappu Keerai,ರಾಜಗಿರಿ,Rajagiri,ದಂಟು ಸೊಪ್ಪು,Dantu Soppu,ചീരപ്പൂവ്,Cheerappoovu,ചുവന്ന ചീര,Chuvanna Cheera,माठ,Math,लाल माठ,Lal Math,તાંજળજો,Tanjaljo,લાલ તાંજળજો,Lal Tanjaljo,নটে শাক,Note Shak,লাল শাক,Lal Shak,ଖଡ଼ା ଶାଗ,Khada Shaga,ନାଲି ଶାଗ,Nali Shaga,Amaranthus tricolor L. 'Molten Fire',Chinese spinach,Amarante; Amarante tricolore
136,Religious thought,मीठा इंद्रजौ,Meetha Indrajau,दूधी,Dudi,తెల్ల అంకుడు,Tella Ankudu,అంకుడు,Ankudu,வெப்பாலை,Veppalai,பாலை மரம்,Palai Maram,ಹಾಲೆಮರ,Halemara,ಕೊಡಸಗ,Kodasaga,കുടകപ്പാല,Kudakappala,പാലമരം,Palamaram,पांढरा कुडा,Pandhra Kuda,काळा कुडा,Kala Kuda,સફેદ કુડા,Safed Kuda,કાળો કુડા,Kalo Kuda,সাদা কুড়চি,Shada Kurchi,কালো কুড়চি,Kalo Kurchi,ଧଳା କେରୁଆ,Dhala Kerua,କଳା କେରୁଆ,Kala Kerua,Wrightia tinctoria R. Br.,Pala indigo plant; Sweet indrajao,Wrightia; Kurchi
548,Wealth,कमलिनी,Kamalini,कुमुद,Kumud,కలువ,Kaluva,ఎర్ర కలువ,Erra Kaluva,அல்லி,Alli,வெள்ளல்லி,Vellalli,ನೈದಿಲೆ,Naidile,ಬಿಳಿ ನೈದಿಲೆ,Bili Naidile,ആമ്പൽ,Aambal,വെള്ളാമ്പൽ,Vellaambal,कमळ भेद,Kamal Bhed,पांढरे कमळ,Pandhre Kamal,કમળ ભેદ,Kamal Bhed,સફેદ કમળ,Safed Kamal,শাপলা,Shapla,সাদা শাপলা,Shada Shapla,କାଇଁ,Kain,ଧଳା କାଇଁ,Dhala Kain,Nymphaea L. spp.,Water lily,Nénuphar; Nénuphar blanc
156,Unconditional integral offering,गणेश बेल,Ganesh Bel,कामलता,Kamalata,కాశీరత్నము,Kashiratnamu,మయూరశిఖ,Mayurasikha,மயில்மாணிக்கம்,Mayilmanikkam,காமலதா,Kamalatha,ಕಾಶಿ ರತ್ನ,Kashi Ratna,ಮಯೂರ ಶಿಖೆ,Mayura Shikhe,മയിൽമാണിക്യം,Mayilmanikyam,കാശീരത്നം,Kashiratnam,गणेश वेल,Ganesh Vel,मयाळू,Mayalu,ગણેશ વેલ,Ganesh Vel,કાશી રત્ન,Kashi Ratna,তারা লতা,Tara Lota,ময়ূর শিখা,Mayur Shikha,ତାରା ଲତା,Tara Lata,ମୟୂର ଶିଖା,Mayura Shikha,Ipomoea tricolor Cav. 'Pearly Gates',Cypress vine,Ipomée; Cheveu de Vénus
246,Service,पीला गुलमोहर,Peela Gulmohar,,,పసుపు తురాయి,Pasupu Turayi,కొండ చింత,Konda Chinta,பெருங்கொன்றை,Perungkondrai,மஞ்சள் கொன்றை,Manjal Kondrai,ಹಳದಿ ಗುಲ್ಮೊಹರ್,Haladi Gulmohar,ಕೊಂಡ ಚಿಂತಾ,Konda Chinta,മഞ്ഞക്കടമ്പ്,Manjakkadambu,മഞ്ഞപ്പൊന്നാര്യൻ,Manjapponnaryan,पिवळा गुलमोहर,Pivla Gulmohar,तांबडा सिरस,Tambda Siras,પીળો ગુલમોહર,Pilo Gulmohar,તામ્ર શિરષ,Tamra Shirash,হলুদ কৃষ্ণচূড়া,Holud Krishnachura,সোনার ঝুরি,Sonar Jhuri,ହଳଦିଆ କୃଷ୍ଣଚୂଡ଼ା,Haladia Krishnachuda,ରାଜ ଗୋଖର,Raja Gokhara,Peltophorum pterocarpum (DC.) K. Heyne.,Yellow flame tree,Flamboyant jaune; Peltophorum
247,Work,ऑस्ट्रेलियन बबूल,Australian Babul,,,ఆస్ట్రేలియన్ తుమ్మ,Australian Thumma,,,ஆஸ்திரேலிய கருவேலம்,Australian Karuvelam,,,ಆಸ್ಟ್ರೇಲಿಯನ್ ಜಾಲರಿ,Australian Jalari,,,ഓസ്ട്രേലിയൻ അക്കേഷ്യ,Australian Acacia,,,ऑस्ट्रेलियन बाभूळ,Australian Babul,,,ઓસ્ટ્રેલિયન બાવળ,Australian Baval,,,অস্ট্রেলিয়ান বাবলা,Australian Babla,,,ଅଷ୍ଟ୍ରେଲିଆନ ବାବୁଲ,Australian Babula,,,Acacia auriculiformis Cunn. ex Benth.,Black wattle,Mimosa australien; Acacia
249,Cheerfulness in work for the divine,कोरियोप्सिस,Coreopsis,,,కోరియోప్సిస్,Coreopsis,,,கோரியோப்சிஸ்,Coreopsis,,,ಕೋರಿಯೋಪ್ಸಿಸ್,Coreopsis,,,കോറിയോപ്സിസ്,Coreopsis,,,कोरियोप्सिस,Coreopsis,,,કોરિયોપ્સિસ,Coreopsis,,,কোরিওপসিস,Coreopsis,,,କୋରିଓପସିସ,Coreopsis,,,Coreopsis tinctoria Nutt.,Tickweed,Coréopsis
250,Disinterested work done for the divine,सुदर्शन,Sudarshan,,,విషముంగలి,Vishamungali,కేశర చెట్టు,Keshara Chettu,விஷமூங்கிலி,Vishamungili,துடாரி,Thudari,ವಿಷಮಂಗಲಿ,Vishamangali,ಕೇಶರ ಮರ,Keshara Mara,വിഷമുള,Vishamula,വലിയ താമര,Valiya Thamara,नागदोन,Nagdon,सुदर्शन,Sudarshan,નાગદમન,Nagdaman,સુદર્શન,Sudarshan,সুদর্শন,Sudarshan,নাগদমন,Nagdaman,ସୁଦର୍ଶନ,Sudarshan,ନାଗଦମନ,Nagadamana,Crinum L.,Crinum lily,Lys crinum; Crinum
201,Absence of desire,जंगली नींबू,Jangli Neebu,माकड़ नींबू,Makad Neebu,అడవి నిమ్మ,Adavi Nimma,ముని నిమ్మ,Muni Nimma,காட்டு எலுமிச்சை,Kaattu Elumichai,குட்டினாரத்தை,Kuttinarathai,ಕಾಡುನಿಂಬೆ,Kadunimbe,ಕಾಡು ಲಿಂಬೆ,Kadu Limbe,കാട്ടുനാരകം,Kaattunarakam,മലനാരകം,Malanarakam,माकड लिंबू,Makad Limbu,रान लिंबू,Ran Limbu,જંગલી લીંબુ,Jangli Limbu,મોટી લીંબુડી,Moti Limbudi,বন লেবু,Bon Lebu,আটব লেবু,Atab Lebu,ଜଙ୍ଗଲୀ ଲେମ୍ବୁ,Jangali Lembu,ନାରଙ୍ଗୀ,Narangi,Atalantia monophylla Correa.,Country gooseberry,Citronnier sauvage
202,Unselfishness,नेपाल ट्रम्पेट,Nepal Trumpet,,,నేపాల్ ట్రంపెట్,Nepal Trumpet,,,நேபாள டிரம்பெட்,Nepal Trumpet,,,ನೇಪಾಳ ಟ್ರಂಪೆಟ್,Nepal Trumpet,,,നേപ്പാൾ ട്രമ്പറ്റ്,Nepal Trumpet,,,नेपाळ ट्रम्पेट,Nepal Trumpet,,,નેપાળ ટ્રમ્પેટ,Nepal Trumpet,,,নেপাল ট্রাম্পেট,Nepal Trumpet,,,ନେପାଳ ଟ୍ରମ୍ପେଟ,Nepal Trumpet,,,Beaumontia jerdoniana Wight.,Herald's trumpet,Trompette du Nipal; Beaumontia
004,Divine presence,ओयस्टर पौधा,Oyster Podha,,,రాధాకృష్ణ మూలిక,Radhakrishna Moolika,,,ராதா கிருஷ்ண மூலிகை,Radha Krishna Mooligai,,,ರಾಧಾಕೃಷ್ಣ ಗಿಡ,Radhakrishna Gida,,,രാധാകൃഷ്ണച്ചെടി,Radhakrishnachedi,,,राधाकृष्ण रोपटं,Radhakrishna Ropatan,,,રાધાકૃષ્ણ છોડ,Radhakrishna Chhod,,,রাধাকৃষ্ণ গাছ,Radhakrishna Gachh,,,ରାଧାକୃଷ୍ଣ ଗଛ,Radhakrishna Gachha,,,Tradescantia spathacea Sw. \Rhoeo spathacea (Swartz) Steam.],Oyster plant; Boat lily,Éphémère de Virginie; Plante huître
006,Divine ananda,अंगूर,Angoor,द्राक्षा,Draksha,ద్రాక్ష,Draksha,ద్రాక్ష తీగ,Draksha Teega,திராட்சை,Thiratsai,திராட்சைக் கொடி,Thiratsai Kodi,ದ್ರಾಕ್ಷಿ,Drakshi,ದ್ರಾಕ್ಷಿ ಬಳ್ಳಿ,Drakshi Balli,മുന്തിരി,Munthiri,മുന്തിരിക്കൊടി,Munthirikkodi,द्राक्ष,Draksha,द्राक्षाची वेल,Drakshachi Vel,દ્રાક્ષ,Draksh,દ્રાક્ષની વેલ,Drakshni Vel,আঙুর,Angur,আঙুর লতা,Angur Lota,ଅଙ୍ଗୁର,Angura,ଅଙ୍ଗୁର ଲତା,Angura Lata,Vitis vinifera L.,Common grape vine,Vigne; Vigne cultivée
011,Divine love governing the world,अशोक लता,Ashok Lata,,,అశోక తీగ,Asoka Teega,,,அசோக கொடி,Asoka Kodi,,,ಅಶೋಕ ಬಳ್ಳಿ,Ashoka Balli,,,അശോകക്കൊടി,Asokakkodi,,,अशोक वेल,Ashok Vel,,,અશોક વેલ,Ashok Vel,,,অশোক লতা,Asok Lota,,,ଅଶୋକ ଲତା,Asoka Lata,,,Brownea coccinea Jacq. corr. Murr.,Scarlet flame bean,Rose du Venezuela; Brownea
015,Divine help,मिर्ची गुड़हल,Mirchi Gurhal,,,మిరప మందార,Mirapa Mandara,,,மிளகாய் செம்பருத்தி,Milagai Sembaruthi,,,ಮೆಣಸಿನ ದಾಸವಾಳ,Menasina Dasavala,,,മുളകുചെമ്പരത്തി,Mulakuchemparathi,,,मिरची जास्वंद,Mirchi Jaswand,,,મરચી જાસૂદ,Marchi Jasud,,,মরিচ জবা,Morich Jaba,,,ମରିଚ ମନ୍ଦାର,Maricha Mandara,,,Malvaviscus arboreus Cav. var. drummondii (Torr. & A. Gray) Schery.,Wax mallow,Hibiscus piment; Malvaviscus
047,New world,सिंदूरी,Sindoori,लटकन,Latkan,జాఫ్రా,Japhra,అన్నాట్టో,Annatto,ஜாப்ரா,Japhra,குங்குமமரம்,Kungumamaram,ரಂಗಮಾಲೆ,Rangamale,ஜாಫ್ರಾ,Japhra,കുരങ്ങുമഞ്ഞൾ,Kurangumanjal,ജാഫ്ര,Japhra,शेंदरी,Shendri,लटकन,Latkan,સિંદૂરી,Sindoori,લટકન,Latkan,লটকন,Latkan,সিঁদুরি,Sindoori,ଜାଫ୍ରା,Japhra,ସିନ୍ଦୂରୀ,Sindoori,Bixa orellana L.,Annatto; Lip-stick tree,Rocouyer; Rocou
051,Successful future,गालार्डिया,Gaillardia,कंबल फूल,Kambal Phool,ఎర్ర చామంతి,Erra Chamanti,,,செவ்வரளி,Sevvarali,,,ಕೆಂಪು ಶಾವಂತಿಗೆ,Kempu Shavantige,,,ചുവന്ന ജമന്തി,Chuvanna Jamanthi,,,गालार्डिया,Gaillardia,कंबल फूल,Kambal Phool,ગાલાર્ડિયા,Gaillardia,કંબલ ફૂલ,Kambal Phool,গালার্দিয়া,Gaillardia,কম্বল ফুল,Kombol Phool,ଗାଲାର୍ଡିଆ,Gaillardia,କମ୍ବଳ ଫୁଲ,Kambala Phula,Gaillardia pulchella Foug. cv. Lorenziana,Blanket flower,Gaillarde
056,To live only for the divine,विलायती मेंहदी,Vilayati Mehendi,,,మరువము भेद,Maruvamu Bhed,,,மருவ பூ,Maruva Poo,,,ಮರುವ ಹೂ,Maruva Hoo,,,മരുപ്പൂവ്,Maruppoovu,,,मरवा फूल,Marwa Phool,,,મરવો ફૂલ,Marvo Phool,,,মরু ফুল,Moru Phool,,,ମରୁ ଫୁଲ,Maru Phula,,,Myrtus communis L.,Myrtle,Myrte; Myrte commun
069,Exclusive turning of all movements towards the divine,अमरकंद,Amarkand,,,అమరకందం,Amarakandam,,,அமரக்கிழங்கு,Amarakkilangu,,,ಅಮರಗೆಡ್ಡೆ,Amaragedde,,,അമരക്കിഴങ്ങ്,Amarakkizhangu,,,अमरकंद,Amarakand,,,અમરકંદ,Amarakand,,,অমৃতকন্দ,Amritakanda,,,ଅମୃତକନ୍ଦ,Amritakanda,,,Eulophia R. Br. ex Lindl. spp.,Eulophia orchid,Eulophia
070,Lasting attachment,आईवी,Ivy,,,ఐవీ తీగ,Ivy Teega,,,ஐவி கொடி,Ivy Kodi,,,ಐವಿ ಬಳ್ಳಿ,Ivy Balli,,,ഐവി കൊടി,Ivy Kodi,,,आयव्ही वेल,Ivy Vel,,,આઈવી વેલ,Ivy Vel,,,আইভি লতা,Ivy Lota,,,ଆଇଭି ଲତା,Ivy Lata,,,Hedera L. spp.,Ivy,Lierre; Lierre grimpant
071,Trust in the divine,लवंगा,Lavanga,सफ़ेद चामली,Safed Chamli,తవసి గువ్వ,Thavasi Guvva,సౌందర్య పువ్వు,Saundarya Puvvu,தவசி முருங்கை,Thavasi Murungai,மேகவண்ணப்பூ,Megavannappoo,ತವಸಿ ಹೂವು,Thavasi Huavu,ಸೌಂದರ್ಯ ಹೂ,Saundarya Hoo,തവസി മുരിങ്ങ,Thavasi Muringa,മേഘവർണ്ണപ്പൂവ്,Meghavarnnappoovu,लांबडा अबोली,Lambda Aboli,,,સુંદરતા ફૂલ,Sundarta Phool,,,সুন্দর লতা,Sundar Lota,,,ସୁନ୍ଦରୀ ଲତା,Sundari Lata,,,Asystasia gangetica (L.) Anderson. [A. coromandeliana Nees.],Chinese violet,Asystasie
110,Road to the divine,चीता लिली,Cheeta Lily,,,చిరుత లిల్లీ,Chiruta Lily,,,சிறுத்தை லில்லி,Siruthai Lily,,,ಚಿಿರತೆ ಲಿಲ್ಲಿ,Chirate Lily,,,പുള്ളിപ്പുലി ലില്ലി,Pullippuli Lily,,,चित्ता लिली,Chitta Lily,,,ચિત્તા લિલી,Chitta Lily,,,চিতা লিলি,Chita Lily,,,ଚିତା ଲିଲି,Chita Lily,,,Drimiopsis kirkii Bak.,Little white squill,Lys léopard nain
112,Hope,नीली बेल,Neeli Bel,,,నీల తీగ,Neela Teega,,,நீலக் கொடி,Neelak Kodi,,,ನೀಲಿ ಬಳ್ಳಿ,Neeli Balli,,,നീലക്കൊടി,Neelakkodi,,,निळी वेल,Nili Vel,,,વાંદળી વેલ,Vandli Vel,,,নীল লতা,Neel Lota,,,ନୀଳ ଲତା,Neela Lata,,,Jacquemontia pentantha (Jacq.) G. Don.,Skyblue clustervine,Jacquemontia; Liane bleue
113,Repentance,रेशम घास,Resham Ghas,परफूल घास,Parphool Ghas,రేశం గడ్డి,Resham Gaddi,,,பட்டுப் புல்,Pattu Pul,,,ರೇಷ್ಮೆ ಹುಲ್ಲು,Reshme Hullu,,,പട്ടുപുല്ല്,Pattupullu,,,रेशीम गवत,Reshim Gavat,,,રેશમ ઘાસ,Resham Ghas,,,রেশম ঘাস,Resham Ghas,,,ରେଶମ ଘାସ,Reshama Ghasa,,,Chloris barbata Sw.,Peacock plume grass,Herbe de soie; Chloris
116,Ascension,दुरुप,Durup,बड़ा गोमा,Bada Goma,రాణీ పువ్వు,Rani Puvvu,పెద్ద గోమ,Pedda Goma,சிங்கக் காது பூ,Singak Kaadhu Poo,,,ಸಿಂಹದ ಕಿವಿ ಹೂ,Simhada Kivi Hoo,,,സിംഹച്ചെവിപ്പൂവ്,Simhachevavippoovu,,,दीपमाळ,Deepmal,रान तीळ,Ran Til,સિંહ કાન ફૂલ,Sinh Kan Phool,,,সিংহ কান ফুল,Singha Kan Phool,,,ସିଂହ କାନ ଫୁଲ,Singha Kana Phula,,,Leonotis nepetifolia (L.) R. Br.,Lion's ear; Klip dagga,Oreille de lion; Léonotis
119,Elan of aspiration,मकड़ी फूल,Makdi Phool,,,వడిపిన్ని పువ్వు,Vadipinni Puvvu,పిల్లి పిన్ని,Pilli Pinni,நாய்வேளை,Naaivelai,நாய்வேளை பூ,Naaivelai Poo,ನಾಯಿ ಸಾಸಿವೆ,Nayi Sasive,ಕಾಡು ಸಾಸಿವೆ,Kadu Sasive,ആട്ടുകാൽ പൂവ്,Aattukaal Poovu,പട്ടിപ്പൂവ്,Pattippoovu,तिलवण,Tilvan,रान तीळ,Ran Til,તલવાણી,Talvani,રાન તલ,Ran Tal,হুরহুরে,Hurhure,বুনো সরষে,Buno Sorshe,ଅଣସୋରିଷ,Anasorisha,ଜଙ୍ଗଲୀ ସୋରିଷ,Jangali Sorisha,Cleome hasslerana Chodat.,Spider flower,Fleur araignée; Cléome
120,Flame of aspiration,मैपल,Maple,,,మాపుల్,Maple,,,மேப்பிள்,Maple,,,ಮ್ಯಾಪಲ್,Maple,,,മേപ്പിൾ,Maple,,,मॅपल,Maple,,,મેપલ,Maple,,,ম্যাপল,Maple,,,ମ୍ୟାପଲ,Maple,,,Acer L. spp.,Maple tree,Érable
121,Aspiration for purity,शांति कुमुदिनी,Shanti Kumudini,,,శాంతి తామర,Shanti Tamara,,,சாந்தி அல்லி,Santhi Alli,,,ಶಾಂತಿ ತಾವರೆ,Shanti Tavare,,,സമാധാന താമര,Samadhana Thamara,,,शांतता कमळ,Shantata Kamal,,,શાંતિ કમળ,Shanti Kamal,,,শান্তি পদ্ম,Shanti Padma,,,ଶାନ୍ତି ପଦ୍ମ,Shanti Padma,,,Spathiphyllum Schott.,Peace lily,Fleur de lune; Spathiphyllum
122,Aspiration for integral immortality,छाया,Chhaya,सफ़ेद बूंई,Safed Booi,పిండికూర,Pindikoora,తెల్ల పిండివృక్షం,Tella Pindivriksham,சிறுபூளை,Sirupoolai,கண் பூளை,Kan Poolai,ಬಿಳಿ ಹಿಂಡಿ ಗಿಡ,Bili Hindi Gida,ಕಣ್ ಪೀಳೆ,Kan Peele,ചെറൂള,Cheroola,കണ്ണുപീളക്കീര,Kannupeelakkeera,कापूस सुकाटी,Kapus Sukati,पांढरा सुकाटा,Pandhra Sukata,સફેદ બુઇ,Safed Bui,કાપસિયા,Kapasiya,ছায়া ফুল,Chhaya Phool,সাদা শুঁটি,Shada Shuti,ପାହାଡ଼ି ଅରଖ,Pahadi Arakha,ଧଳା ବୁଇ,Dhala Bui,Aerva tomentosa Forsk.,Aerva,Aerva
123,Aspiration for the divine consciousness,पर्दा बेल,Parda Bel,,,పట్ట తీగ,Patta Teega,,,சுருள் கொடி,Surul Kodi,,,ಸುರುಳಿ ಬಳ್ಳಿ,Suruli Balli,,,ചുരുൾക്കൊടി,Churulkkodi,,,साडोरी,Sadori,,,સડોરી,Sadori,,,লতা ফুল,Lota Phool,,,ଲତା ଫୁଲ,Lata Phula,,,Vernonia. eleagnaefolia DC.,Curtain creeper,Vernonia
124,Triple aspiration,हिंस्र,Hinsra,कंतारी,Kantari,ముళ్లకొండ,Mullakonda,కంతారి भेद,Kantari Bhed,ஆதொண்டை,Aadhondai,கந்தாரி,Kandhari,ಮುಳ್ಳುಕತ್ತರಿ,Mullukattari,ಕಂತಾರಿ,Kanthari,കാക്കത്തൊണ്ടി,Kaakkathondhi,കന്താരി,Kanthari,वाघटी,Waghati,गोविंद फळ,Govind Phal,કાંથારો,Kantharo,ગોવિંદ ફળ,Govind Phal,হাঁসঝাঁপি,Hasjhapi,গোবিন্দ ফল,Govinda Phal,ଅସାଢ଼ୁଆ,Asadhua,ଗୋବିନ୍ଦ ଫଳ,Govinda Phala,Capparis brevispina DC.,Caper bush,Câprier
125,Power of collective aspiration,मोमी फूल,Momi Phool,,,మేఘ పువ్వు,Megha Puvvu,,,மெழுகு பூ,Mezhugu Poo,,,ಮೇಣದ ಹೂ,Menada Hoo,,,മെഴുകുപ്പൂവ്,Mezhukuppoovu,,,मीण फूल,Meen Phool,,,મીણ ફૂલ,Meen Phool,,,মোম ফুল,Mom Phool,,,ମୋମ ଫୁଲ,Moma Phula,,,Hoy a carnosa (L. f.) R. Br.,Wax plant,Fleur de porcelaine; Hoya
130,Prayer,रैन लिली,Rain Lily,जल कुमुदिनी,Jal Kumudini,వర్ష లిల్లీ,Varsha Lily,,,மழை லில்லி,Mazhai Lily,,,ಮಳೆ ಲಿಲ್ಲಿ,Male Lily,,,മഴലില്ലി,Mazhalilly,,,पाऊस लिली,Paus Lily,,,વરસાદી લિલી,Varsadi Lily,,,বৃষ্টি লিলি,Brishti Lily,,,ବର୍ଷା ଲିଲି,Barsha Lily,,,Zephyranthes Herb.,Rain lily,Lys de pluie; Zéphyranthe
135,Supramental invocation,पीली कमलिनी,Peeli Kamalini,,,పసుపు లిల్లీ,Pasupu Lily,,,மஞ்சள் லில்லி,Manjal Lily,,,ಹಳದಿ ಲಿಲ್ಲಿ,Haladi Lily,,,മഞ്ഞ ലില്ലി,Manja Lily,,,पिवळी लिली,Pivli Lily,,,પીળી લિલી,Pili Lily,,,হলুদ লিলি,Holud Lily,,,ହଳଦିଆ ଲିଲି,Haladia Lily,,,Sternbergia lutea (L.) Roem. & Schult.,Winter daffodil; Yellow star lily,Lys jaune d'automne
137,True worship,गुमा,Guma,छोटा हलकुसा,Chhota Halkusa,తుమ్మి,Thummi,తుమ్మి పువ్వు,Thummi Puvvu,தும்பை,Thumbai,தும்பைப்பூ,Thumbaippoo,ಉತ್ತರಾಣಿ,Utharaani,ತುಂಬೆ ಹೂವು,Thumbe Huavu,തൊമ്പൈ,Thombai,തൊമ്പൈപ്പൂവ്,Thombaippoovu,तांबा भुई,Tamba Bhui,गोटा,Gota,તાંબા ભોંય,Tamba Bhoy,ગોટો,Goto,শ্বেতদ্রোণ,Shwetdron,হলকুশা,Halkusha,ଗାୟସ,Gayasa,ଗୋବି ଫୁଲ,Gobi Phula,Leucas aspera Spreng.,Thumbai; Common leucas,Leucas
138,Adoration,लाल लसोड़ा,Lal Lasora,बोहरा,Bohra,విరిగి,Virigi,చిన్న విరిగి,Chinna Virigi,நறுவிலி,Naruvili,சிறு நறுவிலி,Siru Naruvili,ಚಳ್ಳೆಮರ,Challemara,ಸಣ್ಣ ಚಳ್ಳೆ,Sanna Challe,നറുവിരി,Naruviri,ചെറുനറുവിരി,Cherunaruviri,भोकर,Bhokar,लहान भोकर,Lahan Bhokar,ગુંદો,Gundo,નાનો ગુંદો,Nano Gundo,বহুবারী,Bohubari,ছোট বহুবারী,Chhot Bohubari,ଗୁଆଲୋ,Gualo,ସାନ ଗୁଆଲୋ,Sana Gualo,Cordia sebestena L.,Scarlet cordia; Geiger tree,Sébastier; Cordia
143,Right use of the granted grace,साबुन का फूल,Sabun ka Phool,,,సబ్బు పువ్వు,Sabbu Puvvu,,,சோப்பு பூ,Soappu Poo,,,ಸಾಬೂನು ಹೂ,Saboonu Hoo,,,സോപ്പുപ്പൂവ്,Sooppuppoovu,,,साबण फूल,Saban Phool,,,સાબુ ફૂલ,Sabu Phool,,,সাবান ফুল,Saban Phool,,,ସାବୁନ ଫୁଲ,Sabuna Phula,,,Saponaria officinalis L.,Soapwort; Bouncing Bet,Saponaire; Herbe à savon
158,Remembrance,नीला सोलेनम,Neela Solanum,,,నీల బంగాళదుంప పొద,Neela Bangaladumpa Poda,,,நீல உருளை புதர்,Neela Urulai Pudhar,,,ನೀಲಿ ಆಲೂಗಡ್ಡೆ ಪೊದೆ,Neeli Aloogadde Pode,,,നീല ഉരുളക്കിഴങ്ങുപുതർ,Neela Urulakkizhanguputhar,,,निळा बटाटा झाड,Nila Batata Zhad,,,વાંદળી બટાકા છોડ,Vandli Bataka Chhod,,,নীল আলু ঝোপ,Neel Alu Jhop,,,ନୀଳ ଆଳୁ ଝୋପ,Neela Alu Jhopa,,,Lycianthes rantonnei Carr. [Solanum rantonnetii Carr. ex Lescuy.],Blue potato bush,Arbre à pommes de terre bleu
159,Constant remembrance of the divine,हनीसकल,Honeysuckle,सुगंध लता,Sugandh Lata,తేనె తీగ,Teene Teega,,,தேனீ கொடி,Thenee Kodi,,,ಜೇನು ಬಳ್ಳಿ,Jenu Balli,,,തേനീച്ചക്കൊടി,Theneechakkodi,,,मधू वेल,Madhu Vel,,,મધ વેલ,Madh Vel,,,মধু লতা,Madhu Lota,,,ମହୁ ଲତା,Mahu Lata,,,Lonicera japonica Thunb.,Japanese honeysuckle,Chèvrefeuille; Chèvrefeuille du Japon
164,Subconscient remembrance,अंधाहुली,Andhahuli,,,కుక్క నాలుక పువ్వు,Kukka Naluka Puvvu,,,நாய நாக்கு பூ,Naai Naakku Poo,,,ನಾಯಿ ನಾಲಿಗೆ ಹೂ,Nayi Nalige Hoo,,,പട്ടിനാക്ക് പൂവ്,Pattinaakku Poovu,,,कुत्र्याची जीभ,Kutryachi Jibh,,,કુતરાની જીભ,Kutrani Jibh,,,কুকুর জিব,Kukur Jib,,,କୁକୁର ଜିଭ,Kukura Jibha,,,Cynoglossum amabile Stapf. &J.R. Drumm.,Chinese forget-me-not,Langue de chien; Cynoglosse
165,Opening,वज्रदंती,Vajradanti,कटसरेया,Katsareya,గోరింట మల్లే,Gorinta Malle,ముళ్ల గోరింట,Mulla Gorinta,டிசம்பர் பூ,December Poo,செம்மல்லி,Semmalli,ಗೊರಂಟೆ,Gorante,ಮುಳ್ಳು ಗೊರಂಟೆ,Mullu Gorante,ഡിസംബർപ്പൂവ്,Decemberppoovu,കനകാംബരം,Kanakambaram,कोरांटी,Koranti,काटे कोरांटी,Kate Koranti,કાંટાસળિયો,Kantasaliyo,પીળો કાંટાસળિયો,Pilo Kantasaliyo,ঝিন্টি,Jhinti,হলুদ ঝিন্টি,Holud Jhinti,ଦାସକରଣ୍ଟି,Dasakaranti,ହଳଦିଆ ଦାସକରଣ୍ଟି,Haladia Dasakaranti,Barleria L.,Barleria; Philippine violet,Barlérie; Violette des Indes
171,Opening to Sri Aurobindo's force,नीली लता,Neeli Lata,थुनबर्गिया,Thunbergia,నీలంబరి,Neelambari,తీగ సంపంగి,Teega Sampangi,நீலாம்பரி,Neelambari,எழுதுகொடி,Eluthukodi,ನೀಲಾಂಬರಿ,Neelambari,ತೊರಟ ಬಳ್ಳಿ,Torata Balli,നീലാമ്പരി,Neelaambari,എഴുതുകൊടി,Ezhuthukodi,गोकर्ण वेल,Gokarna Vel,निळी वेल,Nili Vel,વાંદળી વેલ,Vandli Vel,ગોકર્ણ વેલ,Gokarna Vel,নীললতা,Neellota,অপরাজিতা লতা,Aparajita Lota,ନୀଳଲତା,Neelalata,ଅପରାଜିତା ଲତା,Aparajita Lata,Thunbergia kirkii Hook. f.,Clock vine,Thunbergie; Liane bleue
197,Renunciation of desires,सागौन,Sagoun,सागवान,Sagwan,టేకు,Teku,టేకు చెట్టు,Teku Chettu,தேக்கு,Theakku,தேக்கு மரம்,Theakku Maram,ತೇಗ,Thega,ತೇಗದ ಮರ,Thegada Mara,തേക്ക്,Theekku,തേക്കുമരം,Theekkumaram,साग,Sag,सागवान,Sagwan,સાગ,Sag,સાગવાન,Sagwan,সেগুন,Segun,সেগুন গাছ,Segun Gachh,ଶାଗୁଆନ,Saguan,ଶାଗୁଆନ ଗଛ,Saguan Gachha,Tectona grandis L. f.,Teak; Indian oak,Teck; Arbre de teck
209,Determination,कोप्सिया,Kopsia,,,కోప్సియా,Kopsia,,,கோப்சியா,Kopsia,,,ಕೋಪ್ಸಿಯಾ,Kopsia,,,കോപ്സിയ,Kopsia,,,कोप्सिया,Kopsia,,,કોપ્સિયા,Kopsia,,,কপসিয়া,Kopsia,,,କୋପସିଆ,Kopsia,,,Kopsia fruiticosa (Ker-Gawl.) A. DC.,Shrub vinca; Pink kopsia,Kopsia
211,Steadfastness,अमरूद,Amrood,जामफल,Jamphal,జామ,Jama,జామ చెట్టు,Jama Chettu,கொய்யா,Koyyaa,கொய்யா மரம்,Koyyaa Maram,ಸೀಬೆಕಾಯಿ,Seebekayi,ಪೇರಲ,Perala,പേരയ്ക്ക,Perakka,പേരമരം,Peramaram,पेरू,Peru,पेरूचे झाड,Peruche Zhad,જામફળ,Jamfal,જામફળનું ઝાડ,Jamfalnu Zhad,পেয়ারা,Peyara,পেয়ারা গাছ,Peyara Gachh,ପିଜୁଳି,Pijuli,ପିଜୁଳି ଗଛ,Pijuli Gachha,Psidium guajava L.,Guava,Goyavier; Goyave
221,Continuity,कुप्पी,Kuppi,कुप्पी खोखली,Kuppikhokhali,మురిపిండ,Muripinda,హరిత మంజరి,Haritha Manjari,குப்பமேனி,Kuppaimeni,பூனைவணங்கி,Poonaivananggi,ಕುಪ್ಪಿಗಿಡ,Kuppigida,ಹರಿತ ಮಂಜರಿ,Haritha Manjari,കുപ്പമേനി,Kuppameni,പൂച്ചമയക്കി,Poochamayakki,खोकली,Khokali,मांजरलंगोटी,Manjarlangoti,હરિત મંજરી,Harit Manjari,ખૂજલી ગિડા,Khujli Gida,মুক্তঝুরি,Muktajhuri,মুক্তাবর্ষী,Muktabarshi,ଇନ୍ଦ୍ରମାରୀ,Indramari,ହରିତ ମଞ୍ଜରୀ,Harita Manjari,Acalypha L. spp.,Copperleaf,Acalypha; Queue de chat
241,Power of perfect endurance,नीला कुरुंजी,Neela Kurinji,कुरुंजी,Kurinji,నీలకురింజి,Neelakurinji,కुरुంజి,Kurinji,குறிஞ்சி,Kurinji,நீலக்குறிஞ்சி,Neelakurinji,ಕುರಿಂಜಿ,Kurinji,ನೀಲಕುರಿಂಜಿ,Neelakurinji,കുറിഞ്ഞി,Kurinji,നീലാക്കുറിഞ്ഞി,Neelakkurinji,कारवी,Karvi,कुरिंजी,Kurinji,કુરિંજી,Kurinji,નીલકુરિંજી,Neelakurinji,কুড়িঞ্জি,Kurinji,নীলকুড়িঞ্জি,Neelakurinji,କୁରିଞ୍ଜି,Kurinji,ନୀଳକୁରିଞ୍ଜି,Neelakurinji,Strobilanthes kunthianus T. Anders.,Kurinji,Kurinji; Strobilanthes
264,Order,मैनफल भेद,Mainphal Bhed,,,మంగ చెట్టు,Manga Chettu,,,மட்காரை,Madkarai,,,ಮಂಗಾರ ಮರ,Mangara Mara,,,കാരമരം,Kaaramaram,,,घेला,Ghela,माढळ,Madhal,મીંઢળ,Mindhal,માઢળ,Madhal,ময়না গাছ,Moyna Gachh,,,କୁରୁମା,Kuruma,,,Randia speciosa,Randia,Randia
265,Organisation,चित्रक भेद,Chitrak Bhed,,,చిత్రక తీగ,Chitraka Teega,,,சித்திரக் கொடி,Chithira Kodi,,,ಚಿತ್ರಕ ಬಳ್ಳಿ,Chitraka Balli,,,ചിത്രക്കൊടി,Chithrakkodi,,,चित्रा वेल,Chitra Vel,,,ચિત્રક વેલ,Chitrak Vel,,,চিত্রক লতা,Chitrak Lota,,,ଚିତ୍ରକ ଲତା,Chitrak Lata,,,Pseuderanthemum Radlk. spp.,Pseuderanthemum,Pseudéranthème
273,Grouping,हनुमान मुकुट,Hanuman Mukut,,,హనుమాన్ మకుటం,Hanuman Makutam,,,ஹனுமான் மகுடம்,Hanuman Magudam,,,ಹನುಮಾನ್ ಮುಕುಟ,Hanuman Mukuta,,,ഹനുമാൻ മകുടം,Hanuman Makudam,,,हनुमान मुकुट,Hanuman Mukut,,,હનુમાન મુગટ,Hanuman Mugat,,,হনুমান মুকুট,Hanuman Mukut,,,ହନୁମାନ ମୁକୁଟ,Hanuman Mukuta,,,Qerodendrum paniculatum L.,Pagoda flower,Clérodendron
280,Cheerful endeavour,अफ्रीकी डेज़ी,African Daisy,,,ఆఫ్రికన్ చామంతి,African Chamanti,,,ஆப்பிரிக்க சாமந்தி,African Samandhi,,,ಆಫ್ರಿಕನ್ ಶಾವಂತಿಗೆ,African Shavantige,,,ആഫ്രിക്കൻ ജമന്തി,African Jamanthi,,,आफ्रिकन शेवंती,African Shevanti,,,આફ્રિકન સેવંતી,African Sevanti,,,আফ্রিকান চন্দ্রমল্লিকা,African Chandramallika,,,ଆଫ୍ରିକାନ ସେବତୀ,African Sebati,,,Arctotis venusta Norl.,African daisy,Marguerite d'Afrique
281,Thirst to understand,सफ़ेद अगेती,Safed Ageti,,,తెల్ల అగేతి,Tella Agethi,,,வெள்ளை அகத்தி,Vellai Agathi,,,ಬಿಳಿ ಅಗಸೆ,Bili Agase,,,വെള്ള ആകത്തി,Vella Aagathi,,,पांढरा अगेती,Pandhra Ageti,,,સફેદ અગેતી,Safed Ageti,,,সাদা অগস্ত্য,Shada Agastya,,,ଧଳା ଅଗସ୍ତି,Dhala Agasti,,,Crossostephium artemisioides Less.,Crossostephium,Crossostéphium
310,Purity in action,सफ़ेद चांदनी,Safed Chandni,,,తెల్ల నందివర్ధనం,Tella Nandivardhanam,,,வெள்ளை நந்தியாவட்டம்,Vellai Nanthiyavattam,,,ಬಿಳಿ ನಂದಿಬಟ್ಟಲು,Bili Nandibattalu,,,വെള്ള നന്ത്യാർവട്ടം,Vella Nanthyarvattam,,,पांढरा तगर,Pandhra Tagar,,,સફેદ તગર,Safed Tagar,,,সাদা টগর,Shada Tagar,,,ଧଳା ଟଗର,Dhala Tagara,,,Stemmadenia litoralis (HBK) Allorge. [S. galleottiana (Rich.) Miers.],Milky way tree,Arbre voie lactée
312,Spring purity,हावथॉर्न,Hawthorn,,,హాత్‌థార్న్,Hawthorn,,,ஹாதார்ன்,Hawthorn,,,ಹಾಥಾರ್ನ್,Hawthorn,,,ഹാഥോൺ,Hawthorn,,,हावथॉर्न,Hawthorn,,,હાવથોર્ન,Hawthorn,,,হাওথর্ন,Hawthorn,,,ହାଓଥର୍ନ,Hawthorn,,,Crataegus L. spp.,Hawthorn,Aubépine
314,Beauty in collective simplicity,सितारा लिली,Sitara Lily,,,నక్షత్ర లిల్లీ,Nakshatra Lily,,,நட்சத்திர லில்லி,Natchathira Lily,,,ನಕ್ಷತ್ರ ಲಿಲ್ಲಿ,Nakshatra Lily,,,നക്ഷത്ര ലില്ലി,Natchathra Lily,,,सितारा लिली,Sitara Lily,,,સિતારા લિલી,Sitara Lily,,,তারা লিলি,Tara Lily,,,ତାରା ଲିଲି,Tara Lily,,,Ornithogalum umbellatum L.,Star of Bethlehem,Étoile de Bethléem
315,Humility,बादल घास,Badal Ghas,,,మబ్బు గడ్డి,Mabbu Gaddi,,,மேகப் புல்,Megap Pul,,,ಮೋಡದ ಹುಲ್ಲು,Modada Hullu,,,മേഘപ്പുല്ല്,Meghappullu,,,बादल घास,Badal Ghas,,,બાદલ ઘાસ,Badal Ghas,,,মেঘ ঘাস,Megh Ghas,,,ମେଘ ଘାସ,Megha Ghasa,,,Agrostis nebulosa Boiss. & Reut. [Sporobolus capillaris Arn.],Cloud grass,Agrostide; Herbe nuage
319,Peace,कचूर,Kachoor,काली हल्दी,Kali Haldi,పసుపు,Pasupu,కచోరం,Kachoram,மஞ்சள்,Manjal,கஸ்தூரி மஞ்சள்,Kasthuri Manjal,ಅರಿಶಿನ,Arishina,ಕಸ್ತೂರಿ ಅರಿಶಿನ,Kasthoori Arishina,മഞ്ഞൾ,Manjal,കസ്തൂരി മഞ്ഞൾ,Kasthoori Manjal,हळद,Halad,आंबे हळद,Ambe Halad,હળદર,Haldar,આંબા હળદર,Amba Haldar,হলুদ,Holud,আম আদা,Aam Aada,ହଳଦୀ,Haladi,ଆମ୍ବ ହଳଦୀ,Amba Haladi,Curcuma zedoaria (Christm.) Roscoe. [C pallida Lour.],Zedoary,Curcuma; Safran des Indes
325,Detailed gratitude,पांच पत्ती बेल,Panch Patti Bel,,,ఐదు ఆకుల తీగ,Aidu Aakula Teega,,,ஐந்து இலைக் கொடி,Ainthu Ilaik Kodi,,,ಐದು ಎಲೆಯ ಬಳ್ಳಿ,Aidu Eleya Balli,,,അഞ്ചിലക്കൊടി,Anchilakkodi,,,पांच पत्ती बेल,Panch Patti Bel,,,પાંચ પાંદડી વેલ,Panch Panddi Vel,,,পাঁচ পাতা লতা,Panch Pata Lota,,,ପାଞ୍ଚ ପତ୍ରୀ ଲତା,Pancha Patri Lata,,,Merremia quinquefolia (L.) Hallier. f.,Five-finger morning glory,Liseron à cinq doigts
328,Happy heart,लेमन बुश,Lemon Bush,,,నిమ్మ పొద,Nimma Poda,,,எலுமிச்சை புதர்,Elumichai Pudhar,,,ನಿಂಬೆ ಪೊದೆ,Nimbe Pode,,,നാരകപ്പുതർ,Narakapputhar,,,लेमन बुश,Lemon Bush,,,લેમન બુશ,Lemon Bush,,,লেবু ঝোপ,Lebu Jhop,,,ଲେମ୍ବୁ ଝୋପ,Lembu Jhopa,,,Ravenia spectabilis Engl.,Ravenia,Ravénie; Buisson citron
336,Sweetness,करेला,Karela,कारवेल्ल,Karavella,కాకర,Kakara,కాకరకాయ,Kakarakaya,பாகற்காய்,Paagarkkai,பாகல்,Paagal,ಹಾಗಲಕಾಯಿ,Hagalakayi,ಹಾಗಲ,Hagala,പാവയ്ക്ക,Paavakka,കൈപ്പയ്ക്ക,Kaippakka,कारले,Karle,कारली,Karli,કારેલાં,Karela,કારેલી,Kareli,করলা,Korola,উচ্ছে,Uchhe,କଲରା,Kalara,ପିତ୍ତ କଲରା,Pitta Kalara,Momordica charantia L.,Bitter gourd; Bitter melon,Margose; Concombre amer
338,Courageous goodwill,हॉली,Holly,,,హోలీ,Holly,,,ஹாலி,Holly,,,ಹಾಲಿ,Holly,,,ഹോളി,Holly,,,हॉली,Holly,,,હોલી,Holly,,,হলি,Holly,,,ହୋଲି,Holly,,,Ilex L.,Holly,Houx; Houx commun
355,Conciliation,तिल,Til,तिल का फूल,Til ka Phool,నువ్వులు,Nuvvulu,తిలలు,Tilalu,எள்,Ell,எள்ளுப் பூ,Ellup Poo,ಎಳ್ಳು,Ellu,ಎಳ್ಳಿನ ಹೂವು,Ellina Huavu,എള്ള്,Ellu,എള്ളിൻപൂവ്,Ellinpoovu,तीळ,Til,तिळाचे फूल,Tilache Phool,તલ,Tal,તલનું ફૂલ,Talnu Phool,তিল,Til,তিল ফুল,Til Phool,ରାଶି,Rashi,ରାଶି ଫୁଲ,Rashi Phula,Sesamum indicum L.,Sesame,Sésame
356,Charity,कनकौआ,Kankaua,केना,Kena,వెన్నదేవి కూర,Vennadevi Koora,నిరుకస్సి,Nirukassi,கானாங்கோழை,Kaanangkozhai,,,ಕಣೆಸೊಪ್ಪು,Kanesoppu,ಕಣೆ ಗಿಡ,Kane Gida,കണ്ണാന്തളി,Kannanthali,,,केना,Kena,कनकौआ,Kankaua,શીશમૂળિયા,Shishmuliya,કાંકવા,Kankva,কানাইবাঁশি,Kanaibanshi,কাঞ্চট,Kanchat,କାଞ୍ଚନ ମାଳୀ,Kanchana Mali,,,Commelina. L. sp.,Dayflower,Comméline; Fleur d'un jour
364,Faithfulness,मधुमालती,Madhumalati,रंगून लता,Rangoon Lata,రాధా మనోహరం,Radha Manoharama,రంగుల తీగ,Rangula Teega,ரங்கூன் மல்லி,Rangoon Malli,மதுமாலதி,Madhumalathi,ರಂಗೂನ್ ಮಲ್ಲಿಗೆ,Rangoon Mallige,ಮಧುಮಾಲತಿ,Madhumalati,രങ്കൂൻ മുല്ല,Rangoon Mulla,മധുമാലതി,Madhumalathi,रंगून लता,Rangoon Lata,मधुमालती,Madhumalati,રંગૂન વેલ,Rangoon Vel,મધુભાલતી,Madhumalati,মাধবীলতা,Madhavilata,রঙ্গন লতা,Rangan Lota,ମାଧବୀ ଲତା,Madhabi Lata,ରଙ୍ଗୁନ ଲତା,Ranguna Lata,Quisqualis indica L.,Rangoon creeper,Liane de Rangoon; Madhumalati
365,Incorruptible faithfulness,कांटा फूल,Kanta Phool,,,ముళ్ల పువ్వు,Mulla Puvvu,,,முள்ளுப் பூ,Mullup Poo,,,ಮುಳ್ಳಿನ ಹೂ,Mullina Hoo,,,മുള്ളുപ്പൂവ്,Mulluppoovu,,,कांटा फूल,Kanta Phool,,,કાંટા ફૂલ,Kanta Phool,,,কাঁটা ফুল,Kanta Phool,,,କଣ୍ଟା ଫୁଲ,Kanta Phula,,,Carlina acaulis L.,Stemless carline thistle,Carline; Carline acaule
368,Belief,भांट,Bhant,भारंगी,Bharangi,జముడు भेद,Jamudu Bhed,భారంగి,Bharangi,கண்டங்கத்தரி भेद,Kandangathari Bhed,பாரங்கி,Bharangi,ತುಂಟ ಗಿಡ,Tunta Gida,ಭಾರಂಗಿ,Bharangi,ഭാരംഗി,Bharangi,ചെറുതേക്ക്,Cherutheekku,भांट,Bhant,भारंगी,Bharangi,ભારંગી,Bharangi,ભાંટ,Bhant,ভাঁট,Bhant,ভারঙ্গী,Bharangi,ଭାରଙ୍ଗୀ,Bharangi,ଭାଣ୍ଟ,Bhanta,Clerodendrum L. sp.,Glorybower,Clérodendron
389,Life energy,गुलदाउदी,Guldaudi,सेवंती,Sevanti,చామంతి,Chamanti,,,சாமந்தி,Samandhi,,,ಶಾವಂತಿಗೆ,Shavantige,,,ജമന്തി,Jamanthi,,,शेवंती,Shevanti,,,સેવંતી,Sevanti,,,চন্দ্রমল্লিকা,Chandramallika,,,ସେବତୀ,Sebati,,,Dendranthema Xgrandiflorum Kitam. [Chrysanthemum Xmorifolium Ramat.],Florist's chrysanthemum,Chrysanthème des fleuristes
416,Vigilance,दोपहरिया,Dopahriya,दोपहरी,Dopahari,మాధ్యాహ్నిక,Madhyahnika,ఎర్ర గులాబీ भेद,Erra Gulabi Bhed,உச்சித்திலகம்,Uchithilagam,மத்தியானப் பூ,Mathiyana Poo,ಮಧ್ಯಾಹ್ನ ಹೂವು,Madhyaahna Huavu,ಸೂರ್ಯ ತಿಲಕ,Surya Tilaka,ഉച്ചപ്പൂവ്,Uchappoovu,ഉച്ചിപ്പൂവ്,Uchippoovu,दोपहरिया,Dopahriya,दुपारी फूल,Dupari Phool,દુપારી ફૂલ,Dupari Phool,બપોરિયા,Baporiya,বান্ধুলী,Bandhuli,দুপুরমণি,Dupurmoni,ବନ୍ଧୁକ ଫୁଲ,Bandhuka Phula,ସୂର୍ଯ୍ୟ ତିଳକ,Surya Tilaka,Pentapetes phoeniceae L.,Midday flower; Scarlet mallow,Fleur de midi; Pentapète
417,Perfect vigilance,हिम चंपा,Him Champa,बड़ा चंपा,Bada Champa,సంపంగి tree,Sampangi Tree,పెద్ద సంపంగి,Pedda Sampangi,செண்பக மரம்,Shenbaga Maram,பெருஞ்செண்பகம்,Perunshenbagam,ಸಂಪಿಗೆ ಮರ,Sampige Mara,ದೊಡ್ಡ ಸಂಪಿಗೆ,Dodda Sampige,ചെമ്പകമരം,Chempakamaram,വലിയ ചെമ്പകം,Valiya Chempakam,हिम चंपा,Him Champa,बड़ा चंपा,Bada Champa,હિમ ચામ્પો,Him Champo,મોટો ચામ્પો,Moto Champo,হিমচাঁপা,Himchampa,বড় চাঁপা,Boro Champa,ହିମ ଚମ୍ପା,Hima Champa,ବଡ଼ ଚମ୍ପା,Bada Champa,Magnolia grandiflora L.,Southern magnolia; Bull bay,Magnolia; Magnolia à grandes fleurs
418,The guardian,हरकच,Harkach,कांटा चेला,Kanta Chela,ఎత్తు ముళ్ల చెట్టు,Ettu Mulla Chettu,,,கழுதைமுள்ளி,Kazhuthaimulli,,,ಕಾಡು ಮುಳ್ಳು,Kadu Mullu,,,ചുള്ളിക്കണ്ടൽ,Chullikkandal,,,हरकच,Harkach,कांटा चेला,Kanta Chela,દરિયાઈ આંકડો,Dariyai Ankdo,,,হড়গোজা,Hargoja,কাঁটা জোলা,Kanta Jola,ହରକଞ୍ଚ,Harakancha,କଣ୍ଟା ଚେଲା,Kanta Chela,Acanthus ilicifolius L.,Sea holly; Holy mangrove,Acanthe; Acanthe à feuilles de houx
419,Sentry,क्लीमैटिस,Clematis,,,నల్ల తీగ,Nalla Teega,,,ஆட்டுக்கொடி,Aattuk kodi,,,ಕಾಡು ಬಳ್ಳಿ,Kadu Balli,,,കാട്ടുകൊടി,Kaattukodi,,,क्लीमैटिस,Clematis,,,જંગલી વેલ,Jangli Vel,,,বুনো লতা,Buno Lota,,,ଜଙ୍ଗଲୀ ଲତା,Jangali Lata,,,Clematis L. sp.,Traveller's joy,Clématite
420,Effort towards the truth,चलता,Chalta,भव्य चलता,Bhavya Chalta,కాళింగ,Kalinga,ఉవ్వ చెట్టు,Uvva Chettu,உவா மரம்,Uvaa Maram,சிவப்பு உவா,Sivappu Uvaa,ದಿವ್ವೆ ಮರ,Divve Mara,ಕಾಡು ಕಣಗಲ,Kadu Kanagala,വാഴപ്പുളി,Vazhappuli,കണിപ്പുന്ന,Kanippunna,चलता,Chalta,भव्य चलता,Bhavya Chalta,કરમબેલ,Karambel,ચલતા,Chalta,চালতা,Chalta,চালতা গাছ,Chalta Gachh,ଓଉ,Ou,ଓଉ ଗଛ,Ou Gachha,Dillenia suffruiticosa (Griff.) Martelli.,Shrubby dillenia,Dillénie; Pomme d'Inde
421,Absolute truthfulness,कप फूल,Cup Phool,,,బంగారు గంటల తీగ,Bangaru Gantala Teega,,,தங்கக் கோப்பைப் பூ,Thanga Koppaip Poo,,,ಚಿನ್ನದ ಬಟ್ಟಲು ಬಳ್ಳಿ,Chinnada Battalu Balli,,,സ്വർണ്ണക്കപ്പ് പൂവ്,Swarnakkappu Poovu,,,कप फूल,Cup Phool,,,ગોલ્ડન કપ વેલ,Golden Cup Vel,,,সোনার পেয়ালা লতা,Sonar Peyala Lota,,,ସୁନା ପେଆଲା ଲତା,Suna Peala Lata,,,Solandra maxima (Sesse & Moc.) P. Green.,Cup of gold vine,Coupe d'or; Solandra
425,Spiritual speech,शतावरी,Shatavari,सफ़ेद मुसली,Safed Musli,పిల్లిపీచర,Pillipeechara,చల్లగడ్డ,Challagadda,தண்ணீர்விட்டான் கிழங்கு,Thanneer Vittan Kilangu,சதாவரி,Sathavari,ಶತಾವರಿ,Shatavari,ಹಿಪ್ಪಲಿ ಬಳ್ಳಿ,Hippali Balli,ശതാവരി,Shatavari,ശതാവരിക്കിഴങ്ങ്,Shatavarikkizhangu,शतावरी,Shatavari,सतमुली,Satmuli,શતાવરી,Shatavari,શતમૂલી,Satmuli,শতমূলী,Shatamuli,শতাবরী,Shatavari,ଶତାବରୀ,Shatavari,ଶତମୂଳୀ,Shatamuli,Asparagus densiflorus (Kunth.) Jessop. 'Sprengeri',Asparagus,Asperge; Asperge d'ornement
436,Eloquence,इलायची लता,Elaichi Lata,शंख लता,Shankh Lata,నోటి చంపా,Noti Champa,,,சிற்றரத்தை,Sitharathai,பேரரத்தை,Perarathai,ಚಿಟ್ಟರತ್ತೆ,Chittaratte,ಕಾಡು ಶುಂಟಿ,Kadu Shunti,ചിറ്റരത്ത,Chittaratha,പേരരത്ത,Peraratha,चमेली झाड भेद,Chameli Zhad Bhed,,,એલચી વેલ ભેદ,Elchi Vel Bhed,,,পুন্নাগ গাছ,Punnang Gachh,,,ପୁନ୍ନାଗ ଗଛ,Punnaga Gachha,,,Alpinia zerumbet (Pers.) B.L. Burn & Rosemary. M. Sm.,Shell ginger,Gingembre coquillage; Alpinia
439,Boastfulness,गेंद फूल वृक्ष,Gend Phool Vriksha,चेतु,Chetu,బంతి చెట్టు,Banti Chettu,,,பந்து மரம்,Panthu Maram,,,ಚಂಡು ಮರ,Chendu Mara,,,പന്തുമരം,Panthumaram,,,चेंडू झाड,Chendu Zhad,,,દડા ઝાડ,Dada Zhad,,,বল গাছ,Bol Gachh,,,ବଲ ଗଛ,Bala Gachha,,,Parkia pedunculata (Roxb.) Macbr. [P. biglandulosa Wight & Am.],Badminton ball tree,Arbre à balle
440,Gossip,जंगली अरबी,Jangli Arbi,,,అడవి చేమ,Adavi Chema,,,காட்டுச் சேனை,Kaattuch Senai,,,ಕಾಡು ಕೆಸವು,Kadu Kesavu,,,കാട്ടുചേന,Kaattuchena,,,रान आळू,Ran Alu,,,જંગલી અળવી,Jangli Alvi,,,বুনো কচু,Buno Kochu,,,ଜଙ୍ଗଲୀ ସାରୁ,Jangali Saru,,,Typhonium blumei Nicols. & Sivadasan.,Typhonium,Typhonium
443,Observation,सेनेकियो,Senecio,,,సెనెషియో,Senecio,,,செனேசியோ,Senecio,,,ಸೆನೆಸಿಯೋ,Senecio,,,സെനേഷ്യോ,Senecio,,,सेनेशिओ,Senecio,,,સેનેશિયો,Senecio,,,সেনেশিও,Senecio,,,ସେନେସିଓ,Senecio,,,Senecio L. sp.,Ragwort,Séneçon
445,Prudence,हिरणखुरी,Hirankhuri,साधुमुखी,Sadhumukhi,ఎర్ర పిండికూర,Erra Pindikoora,,,முயல்செவி,Muyalsevi,,,ಇಲಿ ಕಿವಿ ಗಿಡ,Ili Kivi Gida,,,മുയൽച്ചെവിയൻ,Muyalcheviyan,,,सदामंडी,Sadamandi,,,હીરણખુરી,Hirankhuri,,,সাদামণ্ডি,Sadamondi,,,ସଦାମଣ୍ଡି,Sadamandi,,,Emilia sonchifolia (L.) Moench. [E. javanica (Burm. f.) Robinson.],Lilac tasselflower,Emilie; Goutte de sang
451,Knowledge,सुबबूल,Subabul,सफेद बबूल,Safed Babul,సుబాబుల్,Subabul,తెల్ల తుమ్మ,Tella Thumma,சவாண்டல்,Savandal,வெண் பாபட்,Ven Bapat,ಸುಬಾಬುಲ್,Subabul,ಸೀಮೆ ಜಾಲರಿ,Seeme Jalari,സൂബാബുൾ,Subabul,സീമപ്പൂച്ചെടി,Seemappoochedi,सुबाभूळ,Subabul,पांढरा बाभूळ,Pandhra Babul,સુબાવળ,Subaval,સફેદ બાવળ,Safed Baval,সুবাবলা,Subabla,সাদা বাবলা,Shada Babla,ସୁବାବୁଲ,Subabula,ଧଳା ବାବୁଲ,Dhala Babula,Leucaena leucocephala (Lam.) De Wit.,White leadtree; River tamarind,Faux mimosa; Leucaena
460,Inspiration,ईशरमूल,Isharmul,कीड़ा मार,Kiramar,ఈశ్వరవేరు,Eswaraveeru,నల్ల ఈశ్వరి,Nalla Eswari,ஈஸ்வர மூலி,Eswara Mooli,ஆடுதீண்டாப்பாளை,Aadutheendaapaalai,ಈಶ್ವರಬೇರು,Eswaraberu,ಆಡುಮುಟ್ಟದ ಬಳ್ಳಿ,Adamuttada Balli,ഈശ്വരമൂലി,Eswaramooli,ആടുതിന്നാപാലാ,Aaduthinnapaala,सापसण,Sapsan,ईश्वरी,Eswari,નિરવલ્લી,Nirvalli,ઈશ્વરી,Eswari,ঈশ্বরমূল,Eswarmul,আড়মুল,Armul,ଈଶ୍ୱରମୂଳ,Eswaramula,ନାଗବେଲି,Nagabeli,Aristolochia littoralis L. Parodi. [A. elegans M.T. Mast.],Calico flower,Aristoloche
462,Revelation,केउ,Keu,कुष्ठ,Kushta,చెంగల్వకోష్టు,Chengalvakoshtu,కీవు,Keevua,கோஷ்டம்,Kostham,வெண்கோஷ்டம்,Venkostham,ಚೆಂಗಲಕೋಷ್ಟ,Chengalakoshta,ಪುಷ್ಕರಮೂಲ,Pushkaramoola,ആനക്കൂവ,Aanakoova,ചങ്ങലക്കൂവ,Changalakoova,पेवा,Peva,पुष्करमूळ,Pushkarmool,પેવો,Pevo,પુષ્કરમૂળ,Pushkarmool,কেউ,Keu,কেউমূল,Keumul,ଗାଈ ଚାଉଳ,Gai Chaula,ପୁଷ୍କରମୂଳ,Pushkaramula,Costus speciosus (J.G. Koenig) Sm. (rose form),Crepe ginger,Costus; Canne d'eau
469,Attraction for the light,काली मूसली,Kali Musli,स्याह मूसली,Syah Musli,నేలతాడి,Nelatadi,నేలతాడి గడ్డలు,Nelatadi Gaddalu,நிலப்பனை,Nilappanai,நிலப்பனங்கிழங்கு,Nilappanangkilangu,ನೆಲತಾಳೆ,Nelatale,ನೆಲತಾಳೆ ಗೆಡ್ಡೆ,Nelatale Gedde,നിലപ്പന,Nilappana,നിലപ്പനക്കിഴങ്ങ്,Nilappanakkizhangu,काळी मुसळी,Kali Musali,,,કાળી મુસળી,Kali Musali,,,তালমূলী,Talmuli,কালো মুসলী,Kalo Musli,କଳା ମୁସଳୀ,Kala Musali,ତାଳମୂଳୀ,Talamuli,Curculigo orchioides Gaertn.,Black musli,Curculigo
472,Movements in the light,पंचतारा,Panchtara,,,ఐదు నక్షత్రాల పువ్వు,Aidu Nakshatrula Puvvu,,,ஐந்து நட்சத்திர பூ,Ainthu Natchathira Poo,,,ಐದು ನಕ್ಷತ್ರದ ಹೂ,Aidu Nakshatrada Hoo,,,അഞ്ചു നക്ഷത്രപ്പൂവ്,Anchu Natchathrappoovu,,,पाच चांदणी फूल,Pach Chandni Phool,,,પાંચ તારા ફૂલ,Panch Tara Phool,,,পাঁচ তারা ফুল,Panch Tara Phool,,,ପାଞ୍ଚ ତାରକା ଫୁଲ,Pancha Taraka Phula,,,Pentas lanceolata (Forssk.) Deflers.,Egyptian starcluster,Pentas; Étoile égyptienne
476,Light without obscurity,अमेज़न लिली,Amazon Lily,,,అమెజాన్ లిల్లీ,Amazon Lily,,,அமேசான் லில்லி,Amazon Lily,,,ಅಮೆಜಾನ್ ಲಿಲ್ಲಿ,Amazon Lily,,,ആമസോൺ ലില്ലി,Amazon Lily,,,अमेझॉन लिली,Amazon Lily,,,એમેઝોન લિલી,Amazon Lily,,,অ্যামাজন লিলি,Amazon Lily,,,ଆମାଜନ ଲିଲି,Amazon Lily,,,Eucharis Xgrandiflora Planch. & Lind.,Amazon lily,Lys d'Amazonie; Eucharis
479,Alchemy,मकड़ी लिली,Makdi Lily,,,సాలెపురుగు లిల్లీ,Salepurugu Lily,,,சிலந்தி லில்லி,Silanthi Lily,,,ಜೇಡ ಲಿಲ್ಲಿ,Jeda Lily,,,ചിലന്തി ലില്ലി,Chilanthi Lily,,,कोळी लिली,Koli Lily,,,કરોળિયા લિલી,Karoliya Lily,,,মাকড়সা লিলি,Makorsa Lily,,,ବୁଢ଼ୀଆଣୀ ଲିଲି,Budhiani Lily,,,Hymenocallis Salisb. spp.,Spider lily,Lys araignée; Hymenocallis
480,Occultism,जल कुमुदिनी,Jal Kumudini,,,నీటి లిల్లీ,Neeti Lily,,,நீர் லில்லி,Neer Lily,,,ನೀರಿನ ಲಿಲ್ಲಿ,Neerina Lily,,,നീർ ലില്ലി,Neer Lily,,,जल लिली,Jal Lily,,,જળ લિલી,Jal Lily,,,জল লিলি,Jal Lily,,,ଜଳ ଲିଲି,Jala Lily,,,Pancratium zeylanicum L.,Rain lily,Lys maritime; Pancrace
492,New birth,मरवा,Marwa,मरुआ,Marua,మరువము,Maruvamu,,,மருவக்கொழுந்து,Maruvakkolundhu,,,ಮರುಪತ್ರ,Marupatra,,,മരുപത്രം,Marupathram,,,मरवा,Marwa,,,મરવો,Marvo,,,মরু পাতা,Moru Pata,,,ମରୁ ପତ୍ର,Maru Patra,,,Origanum majorana L.,Sweet marjoram,Marjolaine; Origan
493,Beginning of realisation,अगस्त्य,Agastya,गाछ मूंगा,Gach Munga,అవిశ,Avisha,అవిస చెట్టు,Avisa Chettu,அகத்தி,Agathi,அகத்தி கீரை,Agathi Keerai,ಅಗಸೆ,Agase,ಅಗಸೆ ಮರ,Agase Mara,അഗത്തി,Agathi,അഗത്തിച്ചീര,Agathicheera,अगस्ती,Agasti,हदगा,Hadga,અગસ્ત્ય,Agastya,અગથિયો,Agathiyo,বক ফুল,Bok Phool,অগস্ত্য,Agastya,ଅଗସ୍ତି,Agasti,ଅଗସ୍ତି ଫୁଲ,Agasti Phula,Sesbania grandiflora (L.) Poir.,Hummingbird tree; Vegetable hummingbird,Agathi; Sbania
495a,Liberation,कुंभी,Kumbhi,साखू,Sakhu,దుద్దిప్ప,Duddippa,కలిపి చెట్టు,Kalipi Chettu,பைமா மரம்,Paimaa Maram,ஆலங்கடை,Aalangkadai,ದಿಂಡಿಗ,Dindiga,ಗೌಜು ಮರ,Gauju Mara,പേഴ്,Pezhu,പേഴുക്കായ്,Pezhukkay,कुंभ्या,Kumbhya,कुंभी,Kumbhi,કુંભી,Kumbhi,કુંભી ઝાડ,Kumbhi Zhad,কুಂಭী,Kumbhi,কুಂಭী গাছ,Kumbhi Gachh,କୁମ୍ଭୀ,Kumbhi,କୁମ୍ଭୀ ଗଛ,Kumbhi Gachha,Careya arborea Roxb.,Wild guava; Kumbhi,Careya; Arbre de Kumbhi
498,Joy of victory,पीली ट्रम्पेट बेल,Peeli Trumpet Bel,,,పసుపు గంటల తీగ,Pasupu Gantala Teega,,,மஞ்சள் டிரம்பெட் கொடி,Manjal Trumpet Kodi,,,ಹಳದಿ ಕಹಳೆ ಬಳ್ಳಿ,Haladi Kahale Balli,,,മഞ്ഞ ട്രമ്പറ്റ് കൊടി,Manja Trumpet Kodi,,,पिवळी ट्रम्पेट बेल,Pivli Trumpet Bel,,,પીળી ટ્રમ્પેટ વેલ,Pili Trumpet Vel,,,হলুদ ট্রাম্পেট লতা,Holud Trumpet Lota,,,ହଳଦିଆ ଟ୍ରମ୍ପେଟ ଲତା,Haladia Trumpet Lata,,,Anemopaegma chamberlaynii (Sims) Bur. & Schum.,Yellow trumpet vine,Liane trompette jaune
500,Transformation,नीम चमेली,Neem Chameli,आकाश नीम,Akash Neem,కవటా ముసిని,Kavata Musini,మల్లె మాను,Malle Maanu,மரமல்லி,Maramalli,மரம் மல்லிகை,Maram Malligai,ಆಕಾಶ ಮಲ್ಲಿಗೆ,Akasha Mallige,ಮರ ಮಲ್ಲಿಗೆ,Mara Mallige,ആകാശമല്ലി,Aakashamalli,മരമല്ലി,Maramalli,नीम चमेली,Neem Chameli,आकाश नीम,Akash Neem,લીમડી ચમેલી,Limdi Chameli,આકાશ લીમડો,Akash Limdo,আকাশ নিম,Akash Neem,নিম চামেলী,Neem Chameli,ଆକାଶ ନିମ୍ବ,Akasha Nimba,ନିମ୍ବ ଚାମେଲୀ,Nimba Chameli,Millingtonia hortensis L.,Indian cork tree; Tree jasmine,Jasmin d'arbre; Millingtonia
634,Supramental action,समुद्र फल,Samudra Phal,,,సముద్రపు కాయ,Samudrapu Kaya,కడప,Kadapa,சமுத்திரப்பழம்,Samuthirappazham,கடம்பு,Kadambu,ಸಮುದ್ರದ ಕಾಯಿ,Samudrada Kayi,ಕಡಪ ಮರ,Kadapa Mara,സമുദ്രപ്പഴം,Samudrappazham,കടമ്പ്,Kadambu,समुद्रफळ,Samudraphal,कुंबी,Kumbi,સમુદ્રફળ,Samudrafal,કુંભી,Kumbhi,সমুদ্র ফল,Samudra Phol,হিজল,Hijol,କିଆପୋଷା,Kiaposha,ସମୁଦ୍ର ଫଳ,Samudra Phala,Barringtonia asiatica (L.) Kurz.,Sea poison tree,Bonnet d'évêque; Barringtonia
639,Success in supramental work,गलगल,Galgal,पीला कपास,Peela Kapas,కొండగోగు,Kondagogu,అడవి బూరుగు,Adavi Burugu,மஞ்சள் இலவம்,Manjal Ilavam,காட்டுப்பருத்தி,Kaattupparutthi,ಅರಸಿನ ಬುರುಗ,Arasina Buruga,ಕಾಡು ಹತ್ತಿ,Kadu Hatti,മഞ്ഞച്ചെമ്പകം,Manjachempakam,കാട്ടുപരുത്തി,Kaattuparutthi,गलगल,Galgal,पिवळा कापूस,Pivla Kapas,પીળો કપાસ,Pilo Kapas,ગલગલ,Galgal,সোনাপদ্ম,Sonapadma,হলুদ তুলা,Holud Tula,କନିଆଁ,Kania,ହଳଦିଆ ତୁଳା,Haladia Tula,Cochlospermum religiosum (L.) Alston.,Buttercup tree; Yellow silk cotton,Arbre à beurre; Cochlospermum
640,Realisation of supramental riches,कनक चंपा,Kanak Champa,मुचुकुंद,Muchukunda,మచుకుంద,Machukunda,తడ చెట్టు,Tada Chettu,செம்மரப் பூ,Semmarap Poo,முசுகுந்தம்,Musugundham,ಮುಚುಕುಂದ,Muchukunda,ತಡ ಮರ,Tada Mara,മുചുകുന്ദം,Muchukundam,മലവേപ്പ്,Malaveepu,कनक चंपा,Kanak Champa,मुचुकुंद,Muchukunda,કનક ચામ્પો,Kanak Champo,મુચુકુંદ,Muchukund,কনকচাঁপা,Kanakchampa,মুচুকুন্দ,Muchukunda,ମୁଚୁକୁନ୍ଦ,Muchukunda,କନକ ଚମ୍ପା,Kanak Champa,Pterospermum acerifolium (L.) Willd.,Dinnerplate tree,Ptérosperme; Kanak champa
642,Supramental rain,अग्नि लता,Agni Lata,गोल्डन शॉवर,Golden Shower,అగ్ని తీగ,Agni Teega,రత్న తీగ,Ratna Teega,அக்னி கொடி,Agni Kodi,தங்க அருவி கொடி,Thanga Aruvi Kodi,ಅಗ್ನಿ ಬಳ್ಳಿ,Agni Balli,ಚಿನ್ನದ ಜಲಪಾತ ಬಳ್ಳಿ,Chinnada Jalapatha Balli,തീക്കൊടി,Theekkodi,സ്വർണ്ണ അരുവി കൊടി,Swarna Aruvi Kodi,अग्नि लता,Agni Lata,गोल्डन शॉवर,Golden Shower,અગ્નિ લતા,Agni Lata,ગોલ્ડન શોવર,Golden Shower,অগ্নি লতা,Agni Lota,গোল্ডেন শাওয়ার,Golden Shower,ଅଗ୍ନି ଲତା,Agni Lata,ଗୋଲ୍ଡେନ ସାୱାର,Golden Shower,Pyrostegia venusta (Ker-Gawl.) Miers.,Flame vine,Liane de feu; Pyrostégie
009,Divine love spreading over the world,अनार,Anar,दाड़िम,Dadim,దానిమ్మ,Danimma,దాడిమ,Dadima,மாதுளை,Madhulai,மாதுளம்பழம்,Madhulambazham,ದಾಳಿಂಬೆ,Dalimbe,ದಾಳಿಂಬ,Dalimba,മാതളം,Mathalam,മാതളനാരകം,Mathalanarakam,डाळिंब,Dalimb,डाळिंबाचे झाड,Dalimbache Zhad,દાડમ,Dadam,દાડમડી,Dadamdi,ডালিম,Dalim,বেদানা,Bedana,ଦାଳିମ୍ବ,Dalimba,ଦାଳିମ୍ବ ଗଛ,Dalimba Gachha,Punica granatum L.,Pomegranate,Grenadier; Grenade
037,Mental promise,कंगी,Kangi,अतिबला,Atibala,తుత్తిరి,Tuttiri,ముద్రబెండ,Mudrabenda,துத்தி,Thuthi,பணியாரத்துத்தி,Paniyarathturuthi,ತುತ್ತೂರಿ,Tuttoori,ಶ್ರೀಮುದ್ರೆ,Shrimudre,ഊരം,Ooram,കുറുന്തോട്ടി,Kurunthotti,कंगी,Kangi,पेटारी,Petari,કંગી,Kangi,અતિબલા,Atibala,পেটুম্বা,Petumba,ঝুমকা জবা,Jhumka Jaba,ପେଟାରୀ,Petari,ଅତିବଳା,Atibala,Abutilon indicum (L.) Sweet.,Indian mallow,Abutilon; Mauve indienne
511,Beauty arising from consecration,शतावरी,Shatavari,सतमुली,Satmuli,పిల్లిపీచర,Pillipeechara,చల్లగడ్డ,Challagadda,தண்ணீர்விட்டான் கிழங்கு,Thanneer Vittan Kilangu,சதாவரி,Sathavari,ಶತಾವರಿ,Shatavari,ಹಿಪ್ಪಲಿ ಬಳ್ಳಿ,Hippali Balli,ശതാവരി,Shatavari,ശതാവരിക്കിഴങ്ങ്,Shatavarikkizhangu,शतावरी,Shatavari,सतमुली,Satmuli,શતાવરી,Shatavari,શતમૂલી,Satmuli,শতমূলী,Shatamuli,শতাবরী,Shatavari,ଶତାବରୀ,Shatavari,ଶତମୂଳୀ,Shatamuli,Asparagus L. sp.,Asparagus,Asperge; Asperge d'ornement
660,Psychic peace,कुटज,Kutaj,इंद्रजौ,Indrajau,కోలముక్క,Kolamukka,ఇంద్రయవ,Indrayava,வெப்பாலை,Veppalai,குடசப்பாலை,Kudasappalai,ಕೊಡಸಗನ ಮರ,Kodasagana Mara,ಕೊಡಸಗ,Kodasaga,കുടകപ്പാല,Kudakappala,ഗിരിമല്ലിക,Girimallika,पांढरा कुडा,Pandhra Kuda,कुडा,Kuda,ધવડો,Dhavdo,કુડા,Kuda,কুড়চি,Kurchi,সাদা কুড়চি,Shada Kurchi,କେରୁଆ,Kerua,କୋରୟା,Koraya,Holarrhena pubescens (Buch.-Ham.) Wall.,Kurchi,Holarrhéna; Kurchi
663,Organisation of the being around the psychic,लाल चित्रक,Lal Chitrak,,,చిత్రమూలము,Chitramoolamu,తెల్ల చిత్రమూలము,Tella Chitramoolamu,கொடிவேலி,Kodivelai,வெண் கொடிவேலி,Ven Kodivelai,ಚಿತ್ರಮೂಲ,Chitramoola,ಬಿಳಿ ಚಿತ್ರಮೂಲ,Bili Chitramoola,കൊടുവേലി,Koduveli,വെള്ളക്കൊടുവേലി,Vellakkoduveli,चित्रा,Chitra,पांढरा चित्रक,Pandhra Chitrak,ચિત્રક,Chitrak,સફેદ ચિત્રક,Safed Chitrak,সাদা চিতক,Shada Chitak,চিত্রক,Chitrak,ଧଳା ଚିତା,Dhala Chita,ଚିତ୍ରକ,Chitrak,Plumbago indica L.,Red leadwort,Dentelaire de Ceylan; Plumbago
840,First appearance of purity in the inconscient,चित्रक,Chitrak,सफ़ेद चित्रक,Safed Chitrak,చిత్రమూలము,Chitramoolamu,తెల్ల చిత్రమూలము,Tella Chitramoolamu,கொடிவேலி,Kodivelai,வெண் கொடிவேலி,Ven Kodivelai,ಚಿತ್ರಮೂಲ,Chitramoola,ಬಿಳಿ ಚಿತ್ರಮೂಲ,Bili Chitramoola,കൊടുവേലി,Koduveli,വെള്ളക്കൊടുവേലി,Vellakkoduveli,चित्रा,Chitra,पांढरा चित्रक,Pandhra Chitrak,ચિત્રક,Chitrak,સફેદ ચિત્રક,Safed Chitrak,সাদা চিতক,Shada Chitak,চিত্রক,Chitrak,ଧଳା ଚିତା,Dhala Chita,ଚିତ୍ରକ,Chitrak,Plumbago zeylanica L.,White leadwort,Dentelaire de Ceylan; Plumbago
008,Divine sacrifice,अनार,Anar,दाड़िम,Dadim,దానిమ్మ,Danimma,దాడిమ,Dadima,மாதுளை,Madhulai,மாதுளம்பழம்,Madhulambazham,ದಾಳಿಂಬೆ,Dalimbe,ದಾಳಿಂಬ,Dalimba,മാതളം,Mathalam,മാതളനാരകം,Mathalanarakam,डाळिंब,Dalimb,डाळिंबाचे झाड,Dalimbache Zhad,દાડમ,Dadam,દાડમડી,Dadamdi,ডালিম,Dalim,বেদানা,Bedana,ଦାଳିମ୍ବ,Dalimba,ଦାଳିମ୍ବ ଗଛ,Dalimba Gachha,Punica granatum L.,Pomegranate,Grenadier; Grenade
010,Unmanifest divine love,अबरूस,Abrus,गुमची,Gumchi,దానిమ్మ,Danimma,దాడిమ,Dadima,மாதுளை,Madhulai,மாதுளம்பழம்,Madhulambazham,ದಾಳಿಂಬೆ,Dalimbe,ದಾಳಿಂಬ,Dalimba,മാതളം,Mathalam,മാതളനാരകം,Mathalanarakam,डाळिंब,Dalimb,डाळिंबाचे झाड,Dalimbache Zhad,દાડમ,Dadam,દાડમડી,Dadamdi,ডালিম,Dalim,বেদানা,Bedana,ଦାଳିମ୍ବ,Dalimba,ଦାଳିମ୍ବ ଗଛ,Dalimba Gachha,Punica granatum L.,Rosary pea,Grenadier; Grenade
035,Sign of the spirit,बांदा,Banda,अमरबेल,Amarbel,జిడ్డు పుల్ల,Jiddu Pulla,వృక్షాదని,Vrikshadani,புல்லுருவி,Pulluruvi,ஒட்டுப்புல்,Ottuppul,ಬಂದಳಿಕೆ,Bandalike,ಬಂಧಕ,Bandhaka,ഇത്തിൾക്കണ്ണി,Ithilkanni,വൃക്ഷാദനി,Vrikshadani,अंबरवेल,Ambarvel,बांदा,Banda,બંદો,Bando,વૃક્ષાકની,Vrikshakni,পরজীবী লতা,Porojibi Lota,বান্দা,Banda,ମଳଙ୍ଗ,Malanga,ବୃକ୍ଷାଦନୀ,Brukshadani,Viscum album L.,Mistletoe,Gui; Gui blanc
557,First movement of riches towards the divine,मेक्सिकन सूरजमुखी,Mexican Surajmukhi,,,మెక్సికన్ పొద్దుతిరుగుడు,Mexican Podduthirugudu,,,மெக்சிகன் சூரியகாந்தி,Mexican Sooriyagandhi,,,ಮೆಕ್ಸಿಕನ್ ಸೂರ್ಯಕಾಂತಿ,Mexican Suryakanthi,,,മെക്സിക്കൻ സൂര്യകാന്തി,Mexican Sooryakanthi,,,मेक्सिकन सूर्यफूल,Mexican Suryaphul,,,મેક્સિકન સૂરજમુખી,Mexican Surajmukhi,,,মেক্সিকান সূর্যমুখী,Mexican Suryamukhi,,,ମେକ୍ସିକାନ ସୂର୍ଯ୍ୟମୁଖୀ,Mexican Suryamukhi,,,Tithonia diversifolia (Hemsl.) A. Gray.,Tree marigold; Mexican sunflower,Tournesol du Mexique; Tithonia
539,Lightness,विलायती बबूल,Vilayati Babul,,,సీమ తుమ్మ,Seema Thumma,,,சீமை வேலன்,Seemai Velan,,,ಸೀಮೆ ಜಾಲರಿ,Seeme Jalari,,,സീമവേലം,Seemavelam,,,विलायती बाभूळ,Vilayati Babul,,,વિલાયતી બાવળ,Vilayati Baval,,,বিলাতি বাবলা,Bilati Babla,,,ବିଲାତି ବାବୁଲ,Bilati Babula,,,Parkinsonia aculeata L.,Jerusalem thorn,Epinard de Jérusalem; Parkinsonia
022,Blessings,मीठी बटरफ्लाई,Meethi Butterfly,,,తీపి స్క్యాబియోసా,Teepi Scabiosa,,,இனிப்பு ஸ்காபியோசா,Inippu Scabiosa,,,ಸಿಹಿ ಸ್ಕ್ಯಾಬಿಯೋಸಾ,Sihi Scabiosa,,,മധുര സ്കാബിയോസ,Madhura Scabiosa,,,गोड स्कॅबिओसा,God Scabiosa,,,મીઠું સ્કેબિયોસા,Mithu Scabiosa,,,মিষ্টি স্ক্যাবিওসা,Mishti Scabiosa,,,ମିଠା ସ୍କାବିଓସା,Mitha Scabiosa,,,Scabiosa atropurpurea L.,Mournful widow; Sweet scabius,Scabieuse; Scabieuse des jardins
410,Heroic action,रुआलिया,Ruellia,,,అడవి పెటునియా,Adavi Petunia,,,காட்டு பெட்டுனியா,Kaattu Petunia,,,ಕಾಡು ಪೆಟುನಿಯಾ,Kadu Petunia,,,കാട്ടു പെറ്റൂണിയ,Kaattu Petunia,,,रान पेटुनिया,Ran Petunia,,,જંગલી પેટુનિયા,Jangli Petunia,,,বুনো পেটুনিয়া,Buno Petunia,,,ଜଙ୍ଗଲୀ ପେଟୁନିଆ,Jangali Petunia,,,Arrhostoxylum costatum Nees.,Wild petunia,Pétunia sauvage
424,Never tell a lie,गुलाब कैक्टस,Gulab Cactus,,,గులాబీ కాక్టస్,Gulabi Cactus,,,ரோஜா கள்ளி,Roja Kalli,,,ಗುಲಾಬಿ ಕಳ್ಳಿ,Gulabi Kalli,,,റോസ് കള്ളി,Rose Kalli,,,गुलाब कॅक्टस,Gulab Cactus,,,ગુલાબ थोર,Gulab Thor,,,গোলাপ ক্যাকটাস,Golap Cactus,,,ଗୋଲାପ ନାଗଫେଣୀ,Golapa Nagafeni,,,Pereskia Mill. sp.,Rose cactus,Cactus rose; Pereskia
455,Wisdom,गुलाबी सिरिस,Gulabi Siris,वर्षा वृक्ष,Varsha Vriksha,సమన్‌ చెట్టు,Saman Chettu,వర్షాల చెట్టు,Varshala Chettu,தூங்குமூஞ்சி மரம்,Thoongumoonji Maram,மழை மரம்,Mazhai Maram,ಮಳೆ ಮರ,Male Mara,ಸಮನ್ ಮರ,Saman Mara,മഴമരം,Mazhamaram,സമൻ മരം,Saman Maram,पाऊस झाड,Paus Zhad,शिरीष,Shirish,વરસાદી ઝાડ,Varsadi Zhad,શિરીષ,Shirish,বৃষ্টি গাছ,Brishti Gachh,শিরীষ,Shirish,ବର୍ଷା ଗଛ,Barsha Gachha,ଶିରୀଷ,Shirisha,Albizia saman F. Muell. [Samanea saman (Jacq.) Merrill.],Rain tree; Monkey pod,Arbre à pluie; Albizia
254,Skill in work,फ़्लॉक्स,Phlox,,,ఫ్లాక్స్,Phlox,,,ஃப்ளாக்ஸ்,Phlox,,,ಫ್ಲಾಕ್ಸ್,Phlox,,,ഫ്ളോക്സ്,Phlox,,,फ्लॉक्स,Phlox,,,ફ્લોક્સ,Phlox,,,ফ্লক্স,Phlox,,,ଫ୍ଲୋକ୍ସ,Phlox,,,Phlox drummondii Hook.,Annual phlox,Phlox
560,Fortune,रात का कैक्टस,Raat ka Cactus,,,రాత్రి బ్రహ్మ కమలం,Ratri Brahma Kamalam,,,இரவு பிரம்ம கமலம்,Iravu Brahma Kamalam,,,ರಾತ್ರಿ ಬ್ರಹ್ಮಕಮಲ,Ratri Brahmakamala,,,രാത്രി ബ്രഹ്മകമലം,Rathri Brahmakamalam,,,रातराणी कॅक्टस,Ratrani Cactus,,,રાત્રાણી કેક્ટસ,Ratrani Cactus,,,রাত্রিরানী ক্যাফটাস,Rattrani Cactus,,,ରାତିରାଣୀ କ୍ୟାକ୍ଟସ,Ratirani Cactus,,,Cereus Mill. sp.,Night blooming cereus,Cierge de nuit; Cereus
160,Remembrance of Sri Aurobindo,लोबेलिया,Lobelia,,,లోబెలియా,Lobelia,,,லோபெலியா,Lobelia,,,ಲೋಬೆಲಿಯಾ,Lobelia,,,ലോബീലിയ,Lobelia,,,लोबेलिया,Lobelia,,,લોબેલિયા,Lobelia,,,লোবেলিয়া,Lobelia,,,ଲୋବେଲିଆ,Lobelia,,,Lobelia erinns L. 'Cambridge Blue',Edging lobelia,Lobélie; Lobélie bleue
161,Glad remembrance,क्लार्किया,Clarkia,,,క్లార్కియా,Clarkia,,,கிளார்க்கியா,Clarkia,,,ಕ್ಲಾರ್ಕಿಯಾ,Clarkia,,,ക്ലാർക്കിയ,Clarkia,,,क्लार्किया,Clarkia,,,ક્લાર્કિયા,Clarkia,,,ক্লার্কিয়া,Clarkia,,,କ୍ଲାର୍କିଆ,Clarkia,,,Clarkia unguiculata Lindl. 'Rosea plena,Elegant clarkia,Clarkia
253,Mahasaraswati's perfection in work,रौंडेलिटिया,Rondeletia,,,రోండేలేషియా,Rondeletia,,,ரோண்டலேஷியா,Rondeletia,,,ರೋಂಡೆಲೇಷಿಯಾ,Rondeletia,,,റോണ്ടെലേഷ്യ,Rondeletia,,,राँडेलेशिया,Rondeletia,,,રોન્ડેલેશિયા,Rondeletia,,,রোন্ডেলেশিয়া,Rondeletia,,,ରୋଣ୍ଡେଲେସିଆ,Rondelesia,,,Rondeletia odorata Jacq.,Sweet smell bush,Rondelétia
293,Transparency,चीन एस्टर,China Aster,,,చైనా చామంతి,China Chamanti,,,சைனா சாமந்தி,China Samandhi,,,ಚೀನಾ ಶಾವಂತಿಗೆ,China Shavantige,,,ചൈന ജമന്തി,China Jamanthi,,,चायना शेवंती,China Shevanti,,,ચાઈના સેવંતી,China Sevanti,,,চায়না চন্দ্রমল্লিকা,China Chandramallika,,,ଚାଇନା ସେବତୀ,China Sebati,,,Callistephus chinensis (L.) Nees.,China aster,Reine-marguerite; Aster de Chine
341,Balance,बिगोनिया,Begonia,,,బెగోనియా,Begonia,,,பெகோனியா,Begonia,,,ಬೆಗೋನಿಯಾ,Begonia,,,ബെഗോണിയ,Begonia,,,बिगोनिया,Begonia,,,બિગોનિયા,Begonia,,,বেগোনিয়া,Begonia,,,ବିଗୋନିଆ,Begonia,,,Begonia L. spp.,Begonia,Bégonia
044,Promise of renewal,सफ़ेद डेज़ी,Safed Daisy,,,తెల్ల చామంతి,Tella Chamanti,,,வெள்ளை சாமந்தி,Vellai Samandhi,,,ಬಿಳಿ ಶಾವಂತಿಗೆ,Bili Shavantige,,,വെളുത്ത ജമന്തി,Velutha Jamanthi,,,पांढरी शेवंती,Pandhri Shevanti,,,સફેદ સેવંતી,Safed Sevanti,,,সাদা চন্দ্রমল্লিকা,Shada Chandramallika,,,ଧଳା ସେବତୀ,Dhala Sebati,,,Leucanthemum Xsuperbum (J. Ingram) Bergmans ex Kent.,Shasta daisy,Marguerite; Grande marguerite
046,Descent of the light,अमलतास,Amaltas,पीला अमलतास,Peela Amaltas,సీమ అమల్తాస్,Seema Amalthas,,,சீமை கொன்றை,Seemai Kondrai,,,ಸೀಮೆ ಸುವರ್ಣ,Seeme Suvarna,,,സീമക്കൊന്ന,Seemakkonna,,,विलायती अमलतास,Vilayati Amaltas,,,વિલાયતી અમલતાસ,Vilayati Amaltas,,,বিলাতি સન્નાલુ,Bilati Sonalu,,,ବିଲାତି ସୁନାରୀ,Bilati Sunari,,,Laburnum anagyroides Medic.,Golden shower tree,Cytise; Pluie d'or
049,Perfect new creation,रजनीगंधा,Rajanigandha,,,సంపంగి,Sampangi,రజనిగంధ,Rajanigandha,சம்பங்கி,Sampangi,நிலச்சம்பங்கி,Nilachampangi,ಸುಗಂಧರಾಜ,Sugandharaja,ಸುಗಂಧ ರಾಜ,Sugandha Raja,രജനീഗന്ധ,Rajaneegandha,രജനീഗന്ധപ്പൂവ്,Rajaneegandhappoovu,गुलछडी,Gulchhadi,रजनीगंधा,Rajnigandha,ગુલછડી,Gulchhadi,રજનીગંધા,Rajnigandha,রজনীগন্ধা,Rajanigandha,রজনীগন্ধা ফুল,Rajanigandha Phool,ରଜନୀଗନ୍ଧା,Rajanigandha,ରଜନୀଗନ୍ଧା ଫୁଲ,Rajanigandha Phula,Polianthes tuberosa L.,Tuberose,Tubéreuse
019,Solace in the mind,गुलाबांस,Gulabans,कृष्णकली,Krishnakali,చంద్రకాంత,Chandrakanta,బద్రకాక్షి,Badrakakshi,அந்திமந்தாரை,Andhimandharai,பத்தராச்சி,Patharachi,ಸಂಜೆಮಲ್ಲಿಗೆ,Sanjemallige,ಸಂಜೆ ಹೂ,Sanje Hoo,അന്തിമന്ദാരം,Andhimandaram,നാലുമണിപ്പൂവ്,Nalumanippoovu,सायंकाळी,Sayankali,गुलबक्षी,Gulbakshi,ગુલબાસ,Gulbas,ગુલબક્ષી,Gulbakshi,সন্ধ্যামালতী,Sandhyamalati,কৃষ্ণকলি,Krishnakali,ରଙ୍ଗଣୀ,Rangani,ସନ୍ଧ୍ୟା ମାଳତୀ,Sandhya Malati,Mirabilis jalapa L.,Marvel of Peru,Belle-de-nuit
020,Solace in the vital,गुलाबांस,Gulabans,,,చంద్రకాంత,Chandrakanta,బద్రకాక్షి,Badrakakshi,அந்திமந்தாரை,Andhimandharai,பத்தராச்சி,Patharachi,ಸಂಜೆಮಲ್ಲಿಗೆ,Sanjemallige,ಸಂಜೆ ಹೂ,Sanje Hoo,അന്തിമന്ദാരം,Andhimandaram,നാലുമണിപ്പൂവ്,Nalumanippoovu,सायंकाळी,Sayankali,गुलबक्षी,Gulbakshi,ગુલબાસ,Gulbas,ગુલબક્ષી,Gulbakshi,সন্ধ্যামালতী,Sandhyamalati,কৃষ্ণকলি,Krishnakali,ରଙ୍ଗଣୀ,Rangani,ସନ୍ଧ୍ୟା ମାଳତୀ,Sandhya Malati,Mirabilis jalapa L.,Marvel of Peru,Belle-de-nuit
021,Integral solace,गुलाबांस,Gulabans,,,చంద్రకాంత,Chandrakanta,బద్రకాక్షి,Badrakakshi,அந்திமந்தாரை,Andhimandharai,பத்தராச்சி,Patharachi,ಸಂಜೆಮಲ್ಲಿಗೆ,Sanjemallige,ಸಂಜೆ ಹೂ,Sanje Hoo,അന്തിമന്ദാരം,Andhimandaram,നാലുമണിപ്പൂവ്,Nalumanippoovu,सायंकाळी,Sayankali,गुलबक्षी,Gulbakshi,ગુલબાસ,Gulbas,ગુલબક્ષી,Gulbakshi,সন্ধ্যামালতী,Sandhyamalati,কৃষ্ণকলি,Krishnakali,ରଙ୍ଗଣୀ,Rangani,ସନ୍ଧ୍ୟା ମାଳତୀ,Sandhya Malati,Mirabilis jalapa L.,Marvel of Peru,Belle-de-nuit
052,Successful future under the supramental influence,गुलमोहर,Gulmohar,,,ఎర్ర తురాయి,Erra Turayi,సువర్ణ తురాయి,Suvarna Turayi,செம்மயிற்கொன்றை,Semmayirkondrai,குல்மோஹர்,Gulmohar,ಗುಲ್ಮೊಹರ್,Gulmohar,ಕೆಂಪು ತುರಾಯಿ,Kempu Turayi,കാട്ടുതീ,Kaattuthee,ഗുൽമോഹർ,Gulmohar,गुलमोहर,Gulmohar,राजगोखुर,Rajgokhur,ગુલમોહર,Gulmohar,રાજગોખર,Rajgokhar,কৃষ্ণচূড়া,Krishnachura,গুলমোহর,Gulmohar,କୃଷ୍ଣଚୂଡ଼ା,Krishnachuda,ଗୁଲମୋହର,Gulmohar,Delonix regia (Bojer) Raf.,Royal poinciana,Flamboyant; Flamboyant rouge
054,Radiation of the manifestation,गुलमोहर,Gulmohar,,,ఎర్ర తురాయి,Erra Turayi,సువర్ణ తురాయి,Suvarna Turayi,செம்மயிற்கொன்றை,Semmayirkondrai,குல்மோஹர்,Gulmohar,ಗುಲ್ಮೊಹರ್,Gulmohar,ಕೆಂಪು ತುರಾಯಿ,Kempu Turayi,കാട്ടുതീ,Kaattuthee,ഗുൽമോഹർ,Gulmohar,गुलमोहर,Gulmohar,राजगोखुर,Rajgokhur,ગુલમોહર,Gulmohar,રાજગોખર,Rajgokhar,কৃষ্ণচূড়া,Krishnachura,গুলমোহর,Gulmohar,କୃଷ୍ଣଚୂଡ଼ା,Krishnachuda,ଗୁଲମୋହର,Gulmohar,Delonix regia (Bojer) Raf.,Royal poinciana,Flamboyant; Flamboyant rouge
055,Miracle,गुलमोहर,Gulmohar,,,ఎర్ర తురాయి,Erra Turayi,సువర్ణ తురాయి,Suvarna Turayi,செம்மயிற்கொன்றை,Semmayirkondrai,குல்மோஹர்,Gulmohar,ಗುಲ್ಮೊಹರ್,Gulmohar,ಕೆಂಪು ತುರಾಯಿ,Kempu Turayi,കാട്ടുതീ,Kaattuthee,ഗുൽമോഹർ,Gulmohar,गुलमोहर,Gulmohar,राजगोखुर,Rajgokhur,ગુલમોહર,Gulmohar,રાજગોખર,Rajgokhar,কৃষ্ণচূড়া,Krishnachura,গুলমোহর,Gulmohar,କୃଷ୍ଣଚୂଡ଼ା,Krishnachuda,ଗୁଲମୋହର,Gulmohar,Delonix regia (Bojer) Raf.,Royal poinciana,Flamboyant; Flamboyant rouge
039,Promise of realisation,नास्टर्टियम,Nasturtium,,,నాస్టర్షియం,Nasturtium,,,நாஸ்டர்டியம்,Nasturtium,,,ನಾಸ್ಟರ್ಷಿಯಂ,Nasturtium,,,നാസ്റ്റർഷ്യൻ,Nasturtium,,,नास्टर्टियम,Nasturtium,,,નાસ્ટર્ટિયમ,Nasturtium,,,নাস্টারশিয়াম,Nasturtium,,,ନାଷ୍ଟରସିୟମ,Nasturtium,,,Tropaeolum majus L.,Garden nasturtium,Capucine; Grande capucine
045,Creative word,सफ़ेद डेज़ी,Safed Daisy,,,తెల్ల చామంతి,Tella Chamanti,,,வெள்ளை சாமந்தி,Vellai Samandhi,,,ಬಿಳಿ ಶಾವಂತಿಗೆ,Bili Shavantige,,,വെളുത്ത ജമന്തി,Velutha Jamanthi,,,पांढरी शेवंती,Pandhri Shevanti,,,સફેદ સેવંતી,Safed Sevanti,,,সাদা চন্দ্রমল্লিকা,Shada Chandramallika,,,ଧଳା ସେବତୀ,Dhala Sebati,,,Leucanthemum Xsuperbum (J. Ingram) Bergmans ex Kent. [Chrysanthemum Xsuperbum Bergmans exj. Ingram.],Shasta daisy,Marguerite; Grande marguerite
053,Superhumanity,डाहलिया,Dahlia,,,డాలియా,Dahlia,,,டாலியா,Dahlia,,,ಡಾಲಿಯಾ,Dahlia,,,ഡാലിയ,Dahlia,,,डाहलिया,Dahlia,,,ડાલિયા,Dahlia,,,ডালিয়া,Dahlia,,,ଡାଲିଆ,Dahlia,,,Dahlia Cav.,Dahlia,Dahlia
058,Attachment to the divine,आर्किड,Orchid,पुष्पराज,Pushparaj,ఆర్కిడ్,Orchid,పుష్పరాజము,Pushparajamu,ஆர்க்கிட்,Orchid,புஷ்பராஜம்,Pushparajam,ಆರ್ಕಿಡ್,Orchid,ಪುಷ್ಪರಾಜ,Pushparaja,ഓർക്കിഡ്,Orchid,പുഷ്പരാജം,Pushparajam,ऑर्किड,Orchid,पुष्पराज,Pushparaj,ઓર્બિડ,Orchid,પુષ્પરાજ,Pushparaj,অর্কিড,Orchid,পুষ্পরাজ,Pushparaj,ଅର୍କିଡ,Orchid,ପୁଷ୍ପରାଜ,Pushparaja,Orchidaceae,Orchids,Orchidée; Orchidées
059,Attachment to the divine,कैटलिया आर्किड,Cattleya Orchid,,,కాట్లెయా ఆర్కిడ్,Cattleya Orchid,,,காட்லேயா ஆர்க்கிட்,Cattleya Orchid,,,ಕ್ಯಾಟ್ಲೇಯಾ ಆರ್ಕಿಡ್,Cattleya Orchid,,,കാറ്റ്ലിയ ഓർക്കിഡ്,Cattleya Orchid,,,कॅटलेया ऑर्किड,Cattleya Orchid,,,કેટલેયા ઓર્બિડ,Cattleya Orchid,,,ক্যাটলেয়া অর্কিড,Cattleya Orchid,,,କ୍ୟାଟଲେୟା ଅର୍କିଡ,Cattleya Orchid,,,Cattleya Lindl.,Cattleya orchid,Orchidée Cattleya
062,Mental attachment to the divine,बांस आर्किड,Bans Orchid,,,వెదురు ఆర్కిడ్,Veduru Orchid,,,மூங்கில் ஆர்க்கிட்,Moongil Orchid,,,ಬಿದಿರು ಆರ್ಕಿಡ್,Bidiru Orchid,,,മുള ഓർക്കിഡ്,Mula Orchid,,,वेळू ऑर्किड,Velu Orchid,,,વાંસ ઓર્બિડ,Vans Orchid,,,বাঁশ অর্কিড,Bansh Orchid,,,ବାଉଁଶ ଅର୍କିଡ,Baunsha Orchid,,,Dendrobium moschatum Swartz.,Dendrobium orchid,Orchidée Dendrobium
063,Emotional attachment to the divine,वंदा आर्किड,Vanda Orchid,,,వందా ఆర్కిడ్,Vanda Orchid,,,வாண்டா ஆர்க்கிட்,Vanda Orchid,,,ವಾಂಡಾ ಆರ್ಕಿಡ್,Vanda Orchid,,,വാണ്ട ഓർക്കിഡ്,Vanda Orchid,,,वांडा ऑर्किड,Vanda Orchid,,,વાંડા ઓર્બિડ,Vanda Orchid,,,ভ্যান্ডা অর্কিড,Vanda Orchid,,,ଭାଣ୍ଡା ଅର୍କିଡ,Vanda Orchid,,,Papilionanthe teres (Roxb.) Schltr. [Vanda teres (Roxb.) Lindl.],Vanda orchid,Orchidée Vanda
064,Attachment in the emotional vital to the divine,नीला आर्किड,Neela Orchid,,,నీల ఆర్కిడ్,Neela Orchid,,,நீல ஆர்க்கிட்,Neela Orchid,,,ನೀಲಿ ಆರ್ಕಿಡ್,Neeli Orchid,,,നീല ഓർക്കിഡ്,Neela Orchid,,,निळा ऑर्किड,Nila Orchid,,,વાંડા ઓર્બિડ,Vanda Orchid,,,নীল অর্কিড,Neel Orchid,,,ନୀଳ ଅର୍କିଡ,Neela Orchid,,,"Vanda caerulea Griff, ex Lindl.",Blue vanda orchid,Orchidée Vanda bleue
066,Vital attachment to the divine,भू आर्किड,Bhoo Orchid,,,నేల ఆర్కిడ్,Nela Orchid,,,தரை ஆர்க்கிட்,Tharai Orchid,,,ನೆಲ ಆರ್ಕಿಡ್,Nela Orchid,,,നില ഓർക്കിഡ്,Nila Orchid,,,जमीन ऑर्किड,Jamin Orchid,,,જમીન ઓર્બિડ,Jamin Orchid,,,মাটি অর্কিড,Mati Orchid,,,ମାଟି ଅର୍କିଡ,Mati Orchid,,,Spathoglottis plicata Bl.,Ground orchid,Orchidée terrestre
068,Attachment of the cells to the divine,स्टार आर्किड,Star Orchid,,,నక్షత్ర ఆర్కిడ్,Nakshatra Orchid,,,நட்சத்திர ஆர்க்கிட்,Natchathira Orchid,,,ನಕ್ಷತ್ರ ಆರ್ಕಿಡ್,Nakshatra Orchid,,,നക്ഷത്ര ഓർക്കിഡ്,Natchathra Orchid,,,चांदणी ऑर्किड,Chandni Orchid,,,તારા ઓર્બિડ,Tara Orchid,,,তারা অর্কিড,Tara Orchid,,,ତାରା ଅର୍କିଡ,Tara Orchid,,,Epidendrum XObrienianum Rolfe.,Epidendrum orchid,Orchidée Épidendrum
114,Return,टी पौधा,Ti Podha,लाल पत्ता,Lal Patta,టి మొక్క,Ti Mokka,,,டி தாவரம்,Ti Thaavaram,,,ಟಿ ಗಿಡ,Ti Gida,,,ടി ചെടി,Ti Cheti,,,टी रोपटं,Ti Ropatan,,,ટી છોડ,Ti Chhod,,,টি গাছ,Ti Gachh,,,ଟି ଗଛ,Ti Gachha,,,Cordyline terminalis (L.) Kunth.,Ti plant; Cabbage palm,Cordyline; Épinard marron
115,Stages to the supreme,लुपिन,Lupin,,,లూపిన్,Lupin,,,லூபின்,Lupin,,,ಲೂಪಿನ್,Lupin,,,ലൂപിൻ,Lupin,,,लुपिन,Lupin,,,લુપિન,Lupin,,,লুপিন,Lupin,,,ଲୁପିନ,Lupin,,,Lupinus L. spp.,Lupine,Lupin
117,Soaring,डॉल्फ़िनियम,Dolphinium,,,డెల్ఫినియం,Delphinium,,,டெல்பினியம்,Delphinium,,,ಡೆಲ್ಫಿನಿಯಮ್,Delphinium,,,ഡെൽഫിനിയം,Delphinium,,,डॉल्फ़िनियम,Dolphinium,,,ડોલ્ફિનિયમ,Dolphinium,,,ডলফিনিয়াম,Dolphinium,,,ଡଲଫିନିୟମ,Dolphinium,,,Delphinium L. spp.,Larkspur,Dauphinelle; Pied-d'alouette
145,Offering,गुलखैरा,Gulkhaira,,,సీమ మందార,Seema Mandara,,,சீமை பருத்தி,Seemai Paruthi,,,ಸೀಮೆ ದಾಸವಾಳ,Seeme Dasavala,,,സീമച്ചെമ്പരത്തി,Seemachemparathi,,,गुलखैरा,Gulkhaira,,,ગુલખૈરા,Gulkhaira,,,হলিলক,Hollyhock,গুলখৈরা,Gulkhaira,ହୋଲିହକ,Hollyhock,ଗୁଲଖୈରା,Gulkhaira,Alcea rosea L.,Hollyhock,Rose trémière
176,Receptivity,ग्लाडियोलस,Gladiolus,कंद पुष्प,Kand Pushpa,గ్లాడియోలస్,Gladiolus,,,கிளாடியோலஸ்,Gladiolus,,,ಗ್ಲಾಡಿಯೋಲಸ್,Gladiolus,,,ഗ്ലാഡിയോലസ്,Gladiolus,,,ग्लाडिओलस,Gladiolus,,,ગ્લાડિઓલસ,Gladiolus,,,গ্ল্যাডিওলাস,Gladiolus,,,ଗ୍ଲାଡିଓଲସ,Gladiolus,,,Gladiolus Xhortulanus L.H. Bailey.,Garden gladiolus,Glaïeul
186,Broadening of the being,ग्लॉक्सिनिया,Gloxinia,,,గ్లాక్సినియా,Gloxinia,,,கிளாக்சினியா,Gloxinia,,,ಗ್ಲಾಕ್ಸಿನಿಯಾ,Gloxinia,,,ഗ്ലാക്സിനിയ,Gloxinia,,,ग्लॉक्सिनिया,Gloxinia,,,ગ્લોક્સિનિયા,Gloxinia,,,গ্লক্সিনিয়া,Gloxinia,,,ଗ୍ଲୋକ୍ସିନିଆ,Gloxinia,,,Sinningia speciosa (Lodd.) Hiern.,Florists' gloxinia,Gloxinia; Sinningia
195,Perfect tapasya,धतूरा,Dhatura,सफ़ेद धतूरा,Safed Dhatura,తెల్ల ఉమ్మేత్త,Tella Ummettha,,,வெள்ளை ஊமத்தை,Vellai Oomatthai,,,ಬಿಳಿ ಉಮ್ಮತ್ತಿ,Bili Ummatthi,,,വെളുത്ത ഉമ്മം,Velutha Ummam,,,पांढरा धोत्रा,Pandhra Dhotra,,,સફેદ ધતુરો,Safed Dhaturo,,,সাদা ধুতুরা,Shada Dhutura,,,ଧଳା ଦୁଦୁରା,Dhala Dudura,,,Brugmansia suaveolens (Humb. & Bonpl. ex Wild) Bercht. & Presl.,Angel's trumpet,Trompette des anges; Brugmansia
198,Renunciation of emotional desires,एंजेलोनिया,Angelonia,,,ఎంజెలోనియా,Angelonia,,,ஏஞ்சலோனியா,Angelonia,,,ಏಂಜೆಲೋನಿಯಾ,Angelonia,,,ഏഞ്ചലോണിയ,Angelonia,,,एंजेलोनिया,Angelonia,,,એન્જેલોનિયા,Angelonia,,,एंজেলোনিয়া,Angelonia,,,ଏଞ୍ଜେଲୋନିଆ,Angelonia,,,Angelonia salicariifolia Humb. & Bonpl.,Angelonia,Angélonie
215,Thoroughness,वर्बेना,Verbena,,,వర్బీనా,Verbena,,,வெர்பீனா,Verbena,,,ವರ್ಬೀನಾ,Verbena,,,വെർബീന,Verbena,,,वर्बेना,Verbena,,,વરબેના,Verbena,,,ভার্বেনা,Verbena,,,ଭର୍ବେନା,Verbena,,,Verbena Xhybrida Groenl. & Ruempl.,Garden verbena,Verveine des jardins
226,Endurance,ज़िन्निया,Zinnia,,,జిన్నియా,Zinnia,,,ஜின்னியா,Jinnia,,,ಜಿನ್ನಿಯಾ,Jinnia,,,ജിന്നിയ,Jinnia,,,ज़िन्निया,Zinnia,,,ઝીનિયા,Zinnia,,,জিনিয়া,Zinnia,,,ଜିନିଆ,Zinnia,,,Zinnia elegans Jacq. Composkae,Common zinnia,Zinnia; Zinnia élégant
242,Perseverance,गुल-ए-अशर्फी,Gul-e-Ashrafi,गेंदा भेद,Genda Bhed,బంతి చామంతి,Banti Chamanti,,,மஞ்சள் சாமந்தி,Manjal Samandhi,,,ಚಂಡು ಶಾವಂತಿಗೆ,Chendu Shavantige,,,മഞ്ഞപ്പൂവ്,Manjappoovu,,,झेंडू भेद,Zendu Bhed,,,ગલગોટા ભેદ,Galgota Bhed,,,ক্যালেন্ডুলা,Calendula,,,କାଲେଣ୍ଡୁଲା,Calendula,,,Calendula officinalis L.,Pot marigold; Calendula,Souci officinal; Souci
248,Works of love,गुल मेहंदी,Gul Mehendi,तिलंगा,Tilanga,మిరప పువ్వు,Mirapa Puvvu,,,நீர் மேல் நெருப்பு,Neer Mel Neruppu,,,ನೀರು ಮೆಣಸಿನ ಹೂ,Neeru Menasina Hoo,,,പട്ടാപ്പൂവ്,Pattappoovu,,,तेरडा,Terda,तिलंगा,Tilanga,તિલંગા,Tilanga,ગુલ મહેંદી,Gul Mehendi,দোপাটি,Dopati,দোপাটি ফুল,Dopati Phool,ତିଲଙ୍ଗା,Tilanga,ଗୁଲ ମେହେନ୍ଦି,Gul Mehendi,Impatiens wallerana Hook. f.,Busy Lizzie; Impatiens,Balsamine; Impatience
276,Collaboration,गुलनार,Gulnar,,,కార్నేషన్,Carnation,,,கார்னேஷன்,Carnation,,,ಕಾರ್ನೇಷನ್,Carnation,,,കാർനേഷൻ,Carnation,,,गुलनार,Gulnar,,,ગુલનાર,Gulnar,,,কার্নেশন,Carnation,,,କାର୍ନେସନ,Carnation,,,Dianthus caryophyllus L.,Carnation; Clove pink,Œillet; Œillet des fleuristes
373,Enthusiasm,पिटुनिया,Petunia,,,పేటునియా,Petunia,,,பெட்டுனியா,Petunia,,,ಪೆಟುನಿಯಾ,Petunia,,,പെറ്റൂണിയ,Petunia,,,पिटुनिया,Petunia,,,પેટુનિયા,Petunia,,,পেটুনিয়া,Petunia,,,ପେଟୁନିଆ,Petunia,,,Petunia Xhybrida hort. Vilm.-Andr.,Petunia,Pétunia
499,Certitude of victory,कांटा लिली,Kanta Lily,,,ముళ్ల లిల్లీ,Mulla Lily,,,முள் லில்லி,Mul Lily,,,ಮುಳ್ಳು ಲಿಲ್ಲಿ,Mullu Lily,,,മുള്ളു ലില്ലി,Mullu Lily,,,कांटा लिली,Kanta Lily,,,કાંટા લિલી,Kanta Lily,,,কাঁটা লিলি,Kanta Lily,,,କଣ୍ଟା ଲିଲି,Kanta Lily,,,Catesbaea spinosa L.,Lily thorn,Lys épineux; Catesbaea
510,Integral immortality,मदार सागा,Madar Saga,,,మదార సాగా,Madara Saga,,,மதார் சாகா,Madhar Saaga,,,ಮದಾರ ಸಾಗಾ,Madara Saga,,,മദാർ സാഗ,Madar Saga,,,मदार सागा,Madar Saga,,,મદાર સાગા,Madar Saga,,,মাদার সাগা,Madar Saga,,,ମଦାର ସାଗା,Madara Saga,,,Alternanthera Forsk. spp.,Joyweed,Alternanthère
514,Aristocracy of beauty,जंगली इरिस,Jangli Iris,,,అడవి ఐరిస్,Adavi Iris,,,காட்டு ஐரிஸ்,Kaattu Iris,,,ಕಾಡು ಐರಿಸ್,Kadu Iris,,,കാട്ടു ഐറിസ്,Kaattu Iris,,,जंगली इरिस,Jangli Iris,,,જંગલી ઈરિસ,Jangli Iris,,,বুনো আইরিস,Buno Iris,,,ଜଙ୍ଗଲୀ ଆଇରିସ,Jangali Iris,,,Dietes iridioides (L.) Klatt. [D. vegeta Auct.],African iris,Iris d'Afrique; Dietes
515,Aristocracy of beauty,इरिस,Iris,,,ఐరిస్,Iris,,,ஐரிஸ்,Iris,,,ಐರಿಸ್,Iris,,,ഐറിസ്,Iris,,,इरिस,Iris,,,ઈરિસ,Iris,,,আইরিস,Iris,,,ଆଇରିସ,Iris,,,Iris L.,Iris,Iris
516,Power of beauty,नर्गिस,Nargis,,,నర్గీస్,Nargis,,,நர்கிஸ்,Nargis,,,ನರ್ಗಿಸ್,Nargis,,,നർഗീസ്,Nargees,,,नर्गिस,Nargis,,,નર્ગિસ,Nargis,,,নরগিস,Nargis,,,ନରଗିସ,Nargis,,,Narcissus L. spp.,Daffodil; Narcissus,Jonquille; Narcisse
518,Pride of beauty,हियासिंथ,Hyacinth,,,హయాసింత్,Hyacinth,,,ஹயாசிந்த்,Hyacinth,,,ಹಯಾಸಿಂತ್,Hyacinth,,,ഹയാസിന്ത്,Hyacinth,,,हियासिंथ,Hyacinth,,,હિયાસિન્થ,Hyacinth,,,হায়াসিন্থ,Hyacinth,,,ହାୟାସିନ୍ଥ,Hyacinth,,,Hyacinthus orientalis L.,Hyacinth,Jacinthe; Jacinthe d'Orient
519,Modesty of beauty,शिशु श्वास,Shishu Shwas,,,పాప శ్వాస పువ్వు,Papa Shwasa Puvvu,,,குழந்தை மூச்சு பூ,Kulandhai Moochu Poo,,,ಮಗುವಿನ ಉಸಿರು ಹೂ,Maguvina Usiru Hoo,,,കുഞ്ഞിശ്വാസപ്പൂവ്,Kunjishwasappoovu,,,बाल श्वास फूल,Bal Shwas Phool,,,બાળ શ્વાસ ફૂલ,Bal Shwas Phool,,,শিশু শ্বাস ফুল,Shishu Shwas Phool,,,ଶିଶୁ ଶ୍ୱାସ ଫୁଲ,Shishu Shwasa Phula,,,Gypsophila elegans Bieb.,Baby's breath,Gypsophile; Voile de mariée
520,Smile of beauty,चेरी ब्लॉसम,Cherry Blossom,,,చెర్రీ బ్లోసమ్,Cherry Blossom,,,செர்ரி பூ,Cherry Poo,,,ಚೆರ್ರಿ ಹೂ,Cherry Hoo,,,ചെറിപ്പൂവ്,Cherippoovu,,,चेरी ब्लॉसम,Cherry Blossom,,,ચેરી બ્લોસમ,Cherry Blossom,,,চেরি ফুল,Cheri Phool,,,ଚେରୀ ଫୁଲ,Cheri Phula,,,Prunus serrulata Lindl.,Japanese cherry,Cerisier du Japon; Cerisier
525,Art,झुमका फूल,Jhumka Phool,फुकिया,Fuchsia,ఝుంకీ పువ్వు,Jhumkee Puvvu,,,தொங்கு தோடு பூ,Thongu Thodu Poo,,,ತೂಗು ಓಲೆ ಹೂ,Toogu Ole Hoo,,,തൂക്കുമ്മണിപ്പൂവ്,Thookkummanippoovu,,,झुमका फूल,Jhumka Phool,,,ઝૂમખું ફૂલ,Zumkhu Phool,,,ঝুমকো ফুল,Jhumko Phool,,,ଝୁମୁକା ଫୁଲ,Jhumuka Phula,,,Fuchsia L. spp.,Fuchsia,Fuchsia
526,Beauty in art,पेओनी,Peony,,,పియోనీ,Peony,,,பியோனி,Peony,,,ಪಿಯೋನಿ,Peony,,,പിയോണി,Peony,,,पेओनी,Peony,,,પેઓની,Peony,,,পিওনি,Peony,,,ପିଓନୀ,Peony,,,Paeonia L. spp.,Peony,Pivoine
529,Poetic ecstasy,विस्टीरिया,Wisteria,,,విస్టీరియా తీగ,Wisteria Teega,,,விஸ்டீரியா கொடி,Wisteria Kodi,,,ವಿಸ್ಟೀರಿಯಾ ಬಳ್ಳಿ,Wisteria Balli,,,വിസ്റ്റീരിയ കൊടി,Wisteria Kodi,,,विस्टीरिया वेल,Wisteria Vel,,,વિસ્ટીરિયા વેલ,Wisteria Vel,,,উইস্টেরিয়া লতা,Wisteria Lota,,,ୱିଷ୍ଟେରିଆ ଲତା,Wisteria Lata,,,Wisteria sinensis (Sims) Sweet.,Chinese wisteria,Glycine; Glycine de Chine
530,Distinction,लाइलाक,Lilac,,,లైలాక్,Lilac,,,லைலாக்,Lilac,,,ಲೈಲಾಕ್,Lilac,,,ലൈലാക്ക്,Lilac,,,लाइलाक,Lilac,,,લાઈલાક,Lilac,,,লাইলাক,Lilac,,,ଲାଇଲାକ,Lilac,,,Syringa L. spp.,Lilac,Lilas; Lilas commun
531,Refinement,बटरफ्लाई बुश,Butterfly Bush,,,సీతాకోకచిలుక పొద,Sitakokachiluka Poda,,,பட்டாம்பூச்சி புதர்,Pattampoochi Pudhar,,,ಚಿಟ್ಟೆ ಪೊದೆ,Chitte Pode,,,ചിത്രശലഭപ്പുതർ,Chithrashalabhapputhar,,,फूलपाखरू झाड,Phoolpakhru Zhad,,,પતંગિયા છોડ,Patangiya Chhod,,,প্রজাপতি ঝোপ,Projapoti Jhop,,,ପ୍ରଜାପତି ଝୋପ,Prajapati Jhopa,,,Buddleja davidii Franch.,Butterfly bush,Arbre aux papillons; Buddleja
532,Refinement of habits,मदर ऑफ कोको,Mother of Cocoa,,,సీమ కనుగ,Seema Kanuga,మదర్ ఆఫ్ కోకో,Mother of Cocoa,சீமை அகத்தி,Seemai Agathi,மதர் ஆஃப் கோகோ,Mother of Cocoa,ಸೀಮೆ ಹೊಂಗೆ,Seeme Honge,ಮದರ್ ಆಫ್ ಕೋಕೋ,Mother of Cocoa,സീമക്കൊന്ന,Seemakkonna,മദർ ഓഫ് കോക്കോ,Mother of Cocoa,उंदीर मारी,Undir Mari,मदर ऑफ कोको,Mother of Cocoa,મધર ઓફ કોકો,Mother of Cocoa,ઉંદર મારી,Undar Mari,মাদার অফ কোকো,Mother of Cocoa,ইঁদুর মারা,Idur Mara,ମଦର ଅଫ କୋକୋ,Mother of Cocoa,ମୂଷା ମାରୀ,Musa Mari,Gliricidia sepium (Jacq.) Kunth ex Walp.,Quickstick; Mata Raton,Lilas de Antilles; Gliricidia
535,Fragile elegance,एनेमोन,Anemone,,,అనెమోన్,Anemone,,,அனிமோன்,Anemone,,,ಅನೆಮೋನ್,Anemone,,,അനിമോൺ,Anemone,,,एनेमोन,Anemone,,,એનેમોન,Anemone,,,অ্যানিমোন,Anemone,,,ଆନିମୋନ,Anemone,,,Anemone coronaria L.,Poppy anemone,Anémone; Anémone des fleuristes
536,Sensitivity,चेरी,Cherry,,,చెర్రీ పండు,Cherry Pandu,,,செர்ரி பழம்,Cherry Pazham,,,ಚೆರ್ರಿ ಹಣ್ಣು,Cherry Hannu,,,ചെറിപ്പഴം,Cherippazham,,,चेरी,Cherry,,,ચેરી,Cherry,,,চেরি ফল,Cheri Phol,,,ଚେରୀ ଫଳ,Cheri Phala,,,Malpighia glabra L.,Barbados cherry; Acerola,Cerise des Barbades; Acérola
538,Charm,एल्डरबेरी,Elderberry,,,ఎల్డర్‌బెర్రీ,Elderberry,,,எல்டர்பெர்ரி,Elderberry,,,ಎಲ್ಡರ್‌ಬೆರ್ರಿ,Elderberry,,,എൽഡർബെറി,Elderberry,,,एल्डरबेरी,Elderberry,,,એલ્ડરબેરી,Elderberry,,,এল্ডারবেরি,Elderberry,,,ଏଲଡରବେରୀ,Elderberry,,,Sambucus L.,Elderberry,Sureau; Sureau noir
540,Idealism,कॉर्नफ्लावर,Cornflower,,,కార్న్‌ఫ్లవర్,Cornflower,,,கார்ன்ஃப்ளவர்,Cornflower,,,ಕಾರ್ನ್‌ಫ್ಲವರ್,Cornflower,,,കോൺഫ്ലവർ,Cornflower,,,कॉर्नफ्लावर,Cornflower,,,કોર્નફ્લાવર,Cornflower,,,কর্নফ্লাওয়ার,Cornflower,,,କର୍ନଫ୍ଲାୱାର,Cornflower,,,Centaurea cyanus L. Composkae,Cornflower; Bachelor's button,Bleuet; Bleuet des champs
558,Prosperity,नागलिंगम,Naglingam,शिवकमल,Shivkamal,నాగలింగం,Nagalingam,మల్లికార్జున పువ్వు,Mallikarjuna Puvvu,நாகலிங்கம்,Nagalingam,நாகலிங்க மரம்,Nagalinga Maram,ಲಿಂಗದ ಮರ,Lingada Mara,ನಾಗಲಿಂಗ ಪುಷ್ಪ,Nagalinga Pushpa,നാഗലിംഗമരം,Nagalingamaram,നാഗലിംഗപ്പൂവ്,Nagalingappoovu,कैलासपती,Kailaspati,नागलिंगम,Naglingam,કૈલાસપતિ,Kailaspati,નાગલિંગમ,Naglingam,নাগলিঙ্গম,Nagalingam,শিবকমল,Shivkamal,ନାଗଲିଙ୍ଗମ,Nagalingam,ଶିବକମଳ,Shivakamala,Couroupita guianensis Aubl.,Cannonball tree,Arbre à boulets de canon
561,Riches,नागफनी,Nagphani,कैक्टस,Cactus,నాగజెముడు,Nagajemudu,బ్రహ్మజెముడు,Brahmajemudu,சப்பாத்திக்கள்ளி,Sappathikkalli,கள்ளி,Kalli,ಕಳ್ಳಿ,Kalli,ಬ್ರಹ್ಮಕಳ್ಳಿ,Brahmakalli,കള്ളിമുൾച്ചെടി,Kallimulchedi,കള്ളി,Kalli,निवडुंग,Nivdung,कॅक्टस,Cactus,થોર,Thor,કેક્ટસ,Cactus,ক্যাকটাস,Cactus,ফনিমনসা,Phonimonsa,ନାଗଫେଣୀ,Nagafeni,କ୍ୟାକ୍ଟସ,Cactus,Cactus Juss. spp.,Cactus,Cactus; Nopal
562,Richness of feelings,ईस्टर कैक्टस,Easter Cactus,,,ఈస్టర్ కాక్టస్,Easter Cactus,,,ஈஸ்டர் கள்ளி,Easter Kalli,,,ಈಸ್ಟರ್ ಕಳ್ಳಿ,Easter Kalli,,,ഈസ്റ്റർ കള്ളി,Easter Kalli,,,ईस्टर कॅक्टस,Easter Cactus,,,ઈસ્ટર થોર,Easter Thor,,,ইস্টার ক্যাকটাস,Easter Cactus,,,ଇଷ୍ଟର ନାଗଫେଣୀ,Easter Nagafeni,,,Echinopsis oxygona (Link) Zucc. ex Pfeiff. [E. multiplex (Pfeiff.) Zucc.],Easter lily cactus,Cactus lys de Pâques
563,Supramental riches,चंद्र पुष्प कैक्टस,Chandra Pushpa Cactus,,,చంద్రకాంత కాక్టస్,Chandrakanta Cactus,,,சந்திரகாந்தி கள்ளி,Chandraganthi Kalli,,,ಚಂದ್ರಕಾಂತಿ ಕಳ್ಳಿ,Chandrakanthi Kalli,,,ചന്ദ്രകാന്തി കള്ളി,Chandrakanthi Kalli,,,चंद्र पुष्प कॅक्टस,Chandra Pushpa Cactus,,,ચંદ્ર પુષ્પ થોર,Chandra Pushpa Thor,,,চন্দ্র পুষ্প ক্যাকটাস,Chandra Pushpa Cactus,,,ଚନ୍ଦ୍ର ପୁଷ୍ପ ନାଗଫେଣୀ,Chandra Pushpa Nagafeni,,,Selenicereus (A. Berger) Britt. & Rose. spp.,Moonlight cactus,Reine de la nuit; Selenicereus
633,Supramental influence,बिल्ली का पंजा,Billi ka Panja,,,పిల్లి గోరు తీగ,Pilli Goru Teega,,,பூனை நகக் கொடி,Poonai Nagak Kodi,,,ಬೆಕ್ಕಿನ ಉಗುರು ಬಳ್ಳಿ,Bekkina Uguru Balli,,,പൂച്ചനഖക്കൊടി,Poochanakhakkodi,,,मांजर पंजा वेल,Manjar Panja Vel,,,બિલાડી પંજા વેલ,Biladi Panja Vel,,,বিড়াল থাবা লতা,Biral Thaba Lota,,,ବିରାଡ଼ି ପଞ୍ଝା ଲତା,Biradi Panjha Lata,,,Macfadyena unguis-cati (L.) A. Gentry.,Cat's claw vine,Griffe de chat; Macfadyena
637,Supramental manifestation,फुटबॉल लिली,Football Lily,,,ఫుట్‌బాల్ లిల్లీ,Football Lily,,,புட்பால் லில்லி,Football Lily,,,ಫುಟ್‌ಬಾಲ್ ಲಿಲ್ಲಿ,Football Lily,,,ഫുട്ബോൾ ലില്ലി,Football Lily,,,फुटबॉल लिली,Football Lily,,,ફૂટબોલ લિલી,Football Lily,,,ফুটবল লিলি,Football Lily,,,ଫୁଟବଲ ଲିଲି,Football Lily,,,Scadoxus multiflorus (Martyn) Raf. [Haemanthns multiflorus Martyn.],Blood lily; Football lily,Lys football; Scadoxus
638,Supramental immortality upon earth,अमर फूल,Amar Phool,,,అమర పుష్పము,Amara Pushpamu,,,அமர பூ,Amara Poo,,,ಅಮರ ಹೂವು,Amara Huavu,,,അമരപ്പൂവ്,Amarappoovu,,,अमर फूल,Amar Phool,,,અમર ફૂલ,Amar Phool,,,অমর ফুল,Amar Phool,,,ଅମର ଫୁଲ,Amara Phula,,,Helichrysum bracteatum (Vent.) Andrews.,Strawflower; Everlasting,Immortelle; Immortelle d'Australie
643,Supramental bird,स्वर्ग पक्षी,Swarg Pakshi,,,స్వర్గ పక్షి పువ్వు,Swarga Pakshi Puvvu,,,சொர்க்கப் பறவை பூ,Sorgap Paravai Poo,,,ಸ್ವರ್ಗದ ಹಕ್ಕಿ ಹೂ,Swargada Hakki Hoo,,,സ്വർഗ്ഗപ്പക്ഷിപ്പൂവ്,Swargappakshippoovu,,,स्वर्ग पक्षी फूल,Swarg Pakshi Phool,,,સ્વર્ગ પક્ષી ફૂલ,Swarg Pakshi Phool,,,স্বর্গ পাখি ফুল,Swarga Pakhi Phool,,,ସ୍ୱର୍ଗ ପକ୍ଷୀ ଫୁଲ,Swarga Pakshi Phula,,,Strelitzia reginae Banks ex Dryand.,Bird of paradise,Oiseau de paradis; Strelitzia
